4: Kazalniki bolniškega staleža po spolu in gospodarskih dejavnostih (SKD), Slovenija, letno po spremenljivkah: Gospodarske dejavnosti po SKD, Kazalnik, Leto in Spol;;;
;;;
;;;Spol - SKUPAJ
Dejavnost - SKUPAJ;Izgubljeni koledarski dnevi na zaposlenega (IO);2010;15
Dejavnost - SKUPAJ;Izgubljeni koledarski dnevi na zaposlenega (IO);2011;15
Dejavnost - SKUPAJ;Izgubljeni koledarski dnevi na zaposlenega (IO);2012;15
Dejavnost - SKUPAJ;Izgubljeni koledarski dnevi na zaposlenega (IO);2013;15
Dejavnost - SKUPAJ;Izgubljeni koledarski dnevi na zaposlenega (IO);2014;14
Dejavnost - SKUPAJ;Izgubljeni koledarski dnevi na zaposlenega (IO);2015;15
Dejavnost - SKUPAJ;Izgubljeni koledarski dnevi na zaposlenega (IO);2016;15
Dejavnost - SKUPAJ;Izgubljeni koledarski dnevi na zaposlenega (IO);2017;15
Dejavnost - SKUPAJ;Izgubljeni koledarski dnevi na zaposlenega (IO);2018;17
A KMETIJSTVO IN LOV, GOZDARSTVO, RIBIŠTVO;Izgubljeni koledarski dnevi na zaposlenega (IO);2010;14
A KMETIJSTVO IN LOV, GOZDARSTVO, RIBIŠTVO;Izgubljeni koledarski dnevi na zaposlenega (IO);2011;13
A KMETIJSTVO IN LOV, GOZDARSTVO, RIBIŠTVO;Izgubljeni koledarski dnevi na zaposlenega (IO);2012;13
A KMETIJSTVO IN LOV, GOZDARSTVO, RIBIŠTVO;Izgubljeni koledarski dnevi na zaposlenega (IO);2013;14
A KMETIJSTVO IN LOV, GOZDARSTVO, RIBIŠTVO;Izgubljeni koledarski dnevi na zaposlenega (IO);2014;13
A KMETIJSTVO IN LOV, GOZDARSTVO, RIBIŠTVO;Izgubljeni koledarski dnevi na zaposlenega (IO);2015;13
A KMETIJSTVO IN LOV, GOZDARSTVO, RIBIŠTVO;Izgubljeni koledarski dnevi na zaposlenega (IO);2016;14
A KMETIJSTVO IN LOV, GOZDARSTVO, RIBIŠTVO;Izgubljeni koledarski dnevi na zaposlenega (IO);2017;15
A KMETIJSTVO IN LOV, GOZDARSTVO, RIBIŠTVO;Izgubljeni koledarski dnevi na zaposlenega (IO);2018;16
B RUDARSTVO;Izgubljeni koledarski dnevi na zaposlenega (IO);2010;20
B RUDARSTVO;Izgubljeni koledarski dnevi na zaposlenega (IO);2011;19
B RUDARSTVO;Izgubljeni koledarski dnevi na zaposlenega (IO);2012;20
B RUDARSTVO;Izgubljeni koledarski dnevi na zaposlenega (IO);2013;24
B RUDARSTVO;Izgubljeni koledarski dnevi na zaposlenega (IO);2014;21
B RUDARSTVO;Izgubljeni koledarski dnevi na zaposlenega (IO);2015;25
B RUDARSTVO;Izgubljeni koledarski dnevi na zaposlenega (IO);2016;24
B RUDARSTVO;Izgubljeni koledarski dnevi na zaposlenega (IO);2017;26
B RUDARSTVO;Izgubljeni koledarski dnevi na zaposlenega (IO);2018;23
C PREDELOVALNE DEJAVNOSTI;Izgubljeni koledarski dnevi na zaposlenega (IO);2010;18
C PREDELOVALNE DEJAVNOSTI;Izgubljeni koledarski dnevi na zaposlenega (IO);2011;17
C PREDELOVALNE DEJAVNOSTI;Izgubljeni koledarski dnevi na zaposlenega (IO);2012;17
C PREDELOVALNE DEJAVNOSTI;Izgubljeni koledarski dnevi na zaposlenega (IO);2013;17
C PREDELOVALNE DEJAVNOSTI;Izgubljeni koledarski dnevi na zaposlenega (IO);2014;16
C PREDELOVALNE DEJAVNOSTI;Izgubljeni koledarski dnevi na zaposlenega (IO);2015;16
C PREDELOVALNE DEJAVNOSTI;Izgubljeni koledarski dnevi na zaposlenega (IO);2016;16
C PREDELOVALNE DEJAVNOSTI;Izgubljeni koledarski dnevi na zaposlenega (IO);2017;17
C PREDELOVALNE DEJAVNOSTI;Izgubljeni koledarski dnevi na zaposlenega (IO);2018;18
D OSKRBA Z ELEKTRI?NO ENERGIJO, PLINOM IN PARO;Izgubljeni koledarski dnevi na zaposlenega (IO);2010;15
D OSKRBA Z ELEKTRI?NO ENERGIJO, PLINOM IN PARO;Izgubljeni koledarski dnevi na zaposlenega (IO);2011;14
D OSKRBA Z ELEKTRI?NO ENERGIJO, PLINOM IN PARO;Izgubljeni koledarski dnevi na zaposlenega (IO);2012;14
D OSKRBA Z ELEKTRI?NO ENERGIJO, PLINOM IN PARO;Izgubljeni koledarski dnevi na zaposlenega (IO);2013;13
D OSKRBA Z ELEKTRI?NO ENERGIJO, PLINOM IN PARO;Izgubljeni koledarski dnevi na zaposlenega (IO);2014;14
D OSKRBA Z ELEKTRI?NO ENERGIJO, PLINOM IN PARO;Izgubljeni koledarski dnevi na zaposlenega (IO);2015;14
D OSKRBA Z ELEKTRI?NO ENERGIJO, PLINOM IN PARO;Izgubljeni koledarski dnevi na zaposlenega (IO);2016;15
D OSKRBA Z ELEKTRI?NO ENERGIJO, PLINOM IN PARO;Izgubljeni koledarski dnevi na zaposlenega (IO);2017;15
D OSKRBA Z ELEKTRI?NO ENERGIJO, PLINOM IN PARO;Izgubljeni koledarski dnevi na zaposlenega (IO);2018;15
E OSKRBA Z VODO, RAVNANJE Z ODPLAKAMI IN ODPADKI, SANIRANJE OKOLJA;Izgubljeni koledarski dnevi na zaposlenega (IO);2010;17
E OSKRBA Z VODO, RAVNANJE Z ODPLAKAMI IN ODPADKI, SANIRANJE OKOLJA;Izgubljeni koledarski dnevi na zaposlenega (IO);2011;17
E OSKRBA Z VODO, RAVNANJE Z ODPLAKAMI IN ODPADKI, SANIRANJE OKOLJA;Izgubljeni koledarski dnevi na zaposlenega (IO);2012;17
E OSKRBA Z VODO, RAVNANJE Z ODPLAKAMI IN ODPADKI, SANIRANJE OKOLJA;Izgubljeni koledarski dnevi na zaposlenega (IO);2013;16
E OSKRBA Z VODO, RAVNANJE Z ODPLAKAMI IN ODPADKI, SANIRANJE OKOLJA;Izgubljeni koledarski dnevi na zaposlenega (IO);2014;16
E OSKRBA Z VODO, RAVNANJE Z ODPLAKAMI IN ODPADKI, SANIRANJE OKOLJA;Izgubljeni koledarski dnevi na zaposlenega (IO);2015;16
E OSKRBA Z VODO, RAVNANJE Z ODPLAKAMI IN ODPADKI, SANIRANJE OKOLJA;Izgubljeni koledarski dnevi na zaposlenega (IO);2016;18
E OSKRBA Z VODO, RAVNANJE Z ODPLAKAMI IN ODPADKI, SANIRANJE OKOLJA;Izgubljeni koledarski dnevi na zaposlenega (IO);2017;21
E OSKRBA Z VODO, RAVNANJE Z ODPLAKAMI IN ODPADKI, SANIRANJE OKOLJA;Izgubljeni koledarski dnevi na zaposlenega (IO);2018;18
F GRADBENIŠTVO;Izgubljeni koledarski dnevi na zaposlenega (IO);2010;13
F GRADBENIŠTVO;Izgubljeni koledarski dnevi na zaposlenega (IO);2011;14
F GRADBENIŠTVO;Izgubljeni koledarski dnevi na zaposlenega (IO);2012;14
F GRADBENIŠTVO;Izgubljeni koledarski dnevi na zaposlenega (IO);2013;13
F GRADBENIŠTVO;Izgubljeni koledarski dnevi na zaposlenega (IO);2014;12
F GRADBENIŠTVO;Izgubljeni koledarski dnevi na zaposlenega (IO);2015;13
F GRADBENIŠTVO;Izgubljeni koledarski dnevi na zaposlenega (IO);2016;12
F GRADBENIŠTVO;Izgubljeni koledarski dnevi na zaposlenega (IO);2017;12
F GRADBENIŠTVO;Izgubljeni koledarski dnevi na zaposlenega (IO);2018;13
G TRGOVINA, VZDRŽEVANJE IN POPRAVILA MOTORNIH VOZIL;Izgubljeni koledarski dnevi na zaposlenega (IO);2010;14
G TRGOVINA, VZDRŽEVANJE IN POPRAVILA MOTORNIH VOZIL;Izgubljeni koledarski dnevi na zaposlenega (IO);2011;13
G TRGOVINA, VZDRŽEVANJE IN POPRAVILA MOTORNIH VOZIL;Izgubljeni koledarski dnevi na zaposlenega (IO);2012;14
G TRGOVINA, VZDRŽEVANJE IN POPRAVILA MOTORNIH VOZIL;Izgubljeni koledarski dnevi na zaposlenega (IO);2013;14
G TRGOVINA, VZDRŽEVANJE IN POPRAVILA MOTORNIH VOZIL;Izgubljeni koledarski dnevi na zaposlenega (IO);2014;13
G TRGOVINA, VZDRŽEVANJE IN POPRAVILA MOTORNIH VOZIL;Izgubljeni koledarski dnevi na zaposlenega (IO);2015;14
G TRGOVINA, VZDRŽEVANJE IN POPRAVILA MOTORNIH VOZIL;Izgubljeni koledarski dnevi na zaposlenega (IO);2016;14
G TRGOVINA, VZDRŽEVANJE IN POPRAVILA MOTORNIH VOZIL;Izgubljeni koledarski dnevi na zaposlenega (IO);2017;15
G TRGOVINA, VZDRŽEVANJE IN POPRAVILA MOTORNIH VOZIL;Izgubljeni koledarski dnevi na zaposlenega (IO);2018;16
H PROMET IN SKLADIŠ?ENJE;Izgubljeni koledarski dnevi na zaposlenega (IO);2010;13
H PROMET IN SKLADIŠ?ENJE;Izgubljeni koledarski dnevi na zaposlenega (IO);2011;13
H PROMET IN SKLADIŠ?ENJE;Izgubljeni koledarski dnevi na zaposlenega (IO);2012;14
H PROMET IN SKLADIŠ?ENJE;Izgubljeni koledarski dnevi na zaposlenega (IO);2013;14
H PROMET IN SKLADIŠ?ENJE;Izgubljeni koledarski dnevi na zaposlenega (IO);2014;13
H PROMET IN SKLADIŠ?ENJE;Izgubljeni koledarski dnevi na zaposlenega (IO);2015;13
H PROMET IN SKLADIŠ?ENJE;Izgubljeni koledarski dnevi na zaposlenega (IO);2016;12
H PROMET IN SKLADIŠ?ENJE;Izgubljeni koledarski dnevi na zaposlenega (IO);2017;13
H PROMET IN SKLADIŠ?ENJE;Izgubljeni koledarski dnevi na zaposlenega (IO);2018;14
I GOSTINSTVO;Izgubljeni koledarski dnevi na zaposlenega (IO);2010;15
I GOSTINSTVO;Izgubljeni koledarski dnevi na zaposlenega (IO);2011;15
I GOSTINSTVO;Izgubljeni koledarski dnevi na zaposlenega (IO);2012;15
I GOSTINSTVO;Izgubljeni koledarski dnevi na zaposlenega (IO);2013;15
I GOSTINSTVO;Izgubljeni koledarski dnevi na zaposlenega (IO);2014;14
I GOSTINSTVO;Izgubljeni koledarski dnevi na zaposlenega (IO);2015;14
I GOSTINSTVO;Izgubljeni koledarski dnevi na zaposlenega (IO);2016;14
I GOSTINSTVO;Izgubljeni koledarski dnevi na zaposlenega (IO);2017;14
I GOSTINSTVO;Izgubljeni koledarski dnevi na zaposlenega (IO);2018;16
J INFORMACIJSKE IN KOMUNIKACIJSKE DEJAVNOSTI;Izgubljeni koledarski dnevi na zaposlenega (IO);2010;9
J INFORMACIJSKE IN KOMUNIKACIJSKE DEJAVNOSTI;Izgubljeni koledarski dnevi na zaposlenega (IO);2011;9
J INFORMACIJSKE IN KOMUNIKACIJSKE DEJAVNOSTI;Izgubljeni koledarski dnevi na zaposlenega (IO);2012;9
J INFORMACIJSKE IN KOMUNIKACIJSKE DEJAVNOSTI;Izgubljeni koledarski dnevi na zaposlenega (IO);2013;9
J INFORMACIJSKE IN KOMUNIKACIJSKE DEJAVNOSTI;Izgubljeni koledarski dnevi na zaposlenega (IO);2014;9
J INFORMACIJSKE IN KOMUNIKACIJSKE DEJAVNOSTI;Izgubljeni koledarski dnevi na zaposlenega (IO);2015;10
J INFORMACIJSKE IN KOMUNIKACIJSKE DEJAVNOSTI;Izgubljeni koledarski dnevi na zaposlenega (IO);2016;9
J INFORMACIJSKE IN KOMUNIKACIJSKE DEJAVNOSTI;Izgubljeni koledarski dnevi na zaposlenega (IO);2017;9
J INFORMACIJSKE IN KOMUNIKACIJSKE DEJAVNOSTI;Izgubljeni koledarski dnevi na zaposlenega (IO);2018;9
K FINAN?NE IN ZAVAROVALNIŠKE DEJAVNOSTI;Izgubljeni koledarski dnevi na zaposlenega (IO);2010;13
K FINAN?NE IN ZAVAROVALNIŠKE DEJAVNOSTI;Izgubljeni koledarski dnevi na zaposlenega (IO);2011;14
K FINAN?NE IN ZAVAROVALNIŠKE DEJAVNOSTI;Izgubljeni koledarski dnevi na zaposlenega (IO);2012;14
K FINAN?NE IN ZAVAROVALNIŠKE DEJAVNOSTI;Izgubljeni koledarski dnevi na zaposlenega (IO);2013;14
K FINAN?NE IN ZAVAROVALNIŠKE DEJAVNOSTI;Izgubljeni koledarski dnevi na zaposlenega (IO);2014;12
K FINAN?NE IN ZAVAROVALNIŠKE DEJAVNOSTI;Izgubljeni koledarski dnevi na zaposlenega (IO);2015;14
K FINAN?NE IN ZAVAROVALNIŠKE DEJAVNOSTI;Izgubljeni koledarski dnevi na zaposlenega (IO);2016;14
K FINAN?NE IN ZAVAROVALNIŠKE DEJAVNOSTI;Izgubljeni koledarski dnevi na zaposlenega (IO);2017;15
K FINAN?NE IN ZAVAROVALNIŠKE DEJAVNOSTI;Izgubljeni koledarski dnevi na zaposlenega (IO);2018;16
L POSLOVANJE Z NEPREMI?NINAMI;Izgubljeni koledarski dnevi na zaposlenega (IO);2010;12
L POSLOVANJE Z NEPREMI?NINAMI;Izgubljeni koledarski dnevi na zaposlenega (IO);2011;14
L POSLOVANJE Z NEPREMI?NINAMI;Izgubljeni koledarski dnevi na zaposlenega (IO);2012;10
L POSLOVANJE Z NEPREMI?NINAMI;Izgubljeni koledarski dnevi na zaposlenega (IO);2013;13
L POSLOVANJE Z NEPREMI?NINAMI;Izgubljeni koledarski dnevi na zaposlenega (IO);2014;10
L POSLOVANJE Z NEPREMI?NINAMI;Izgubljeni koledarski dnevi na zaposlenega (IO);2015;11
L POSLOVANJE Z NEPREMI?NINAMI;Izgubljeni koledarski dnevi na zaposlenega (IO);2016;12
L POSLOVANJE Z NEPREMI?NINAMI;Izgubljeni koledarski dnevi na zaposlenega (IO);2017;12
L POSLOVANJE Z NEPREMI?NINAMI;Izgubljeni koledarski dnevi na zaposlenega (IO);2018;14
M STROKOVNE, ZNANSTVENE IN TEHNI?NE DEJAVNOSTI;Izgubljeni koledarski dnevi na zaposlenega (IO);2010;8
M STROKOVNE, ZNANSTVENE IN TEHNI?NE DEJAVNOSTI;Izgubljeni koledarski dnevi na zaposlenega (IO);2011;8
M STROKOVNE, ZNANSTVENE IN TEHNI?NE DEJAVNOSTI;Izgubljeni koledarski dnevi na zaposlenega (IO);2012;9
M STROKOVNE, ZNANSTVENE IN TEHNI?NE DEJAVNOSTI;Izgubljeni koledarski dnevi na zaposlenega (IO);2013;9
M STROKOVNE, ZNANSTVENE IN TEHNI?NE DEJAVNOSTI;Izgubljeni koledarski dnevi na zaposlenega (IO);2014;9
M STROKOVNE, ZNANSTVENE IN TEHNI?NE DEJAVNOSTI;Izgubljeni koledarski dnevi na zaposlenega (IO);2015;9
M STROKOVNE, ZNANSTVENE IN TEHNI?NE DEJAVNOSTI;Izgubljeni koledarski dnevi na zaposlenega (IO);2016;9
M STROKOVNE, ZNANSTVENE IN TEHNI?NE DEJAVNOSTI;Izgubljeni koledarski dnevi na zaposlenega (IO);2017;9
M STROKOVNE, ZNANSTVENE IN TEHNI?NE DEJAVNOSTI;Izgubljeni koledarski dnevi na zaposlenega (IO);2018;9
N DRUGE RAZNOVRSTNE POSLOVNE DEJAVNOSTI;Izgubljeni koledarski dnevi na zaposlenega (IO);2010;16
N DRUGE RAZNOVRSTNE POSLOVNE DEJAVNOSTI;Izgubljeni koledarski dnevi na zaposlenega (IO);2011;15
N DRUGE RAZNOVRSTNE POSLOVNE DEJAVNOSTI;Izgubljeni koledarski dnevi na zaposlenega (IO);2012;16
N DRUGE RAZNOVRSTNE POSLOVNE DEJAVNOSTI;Izgubljeni koledarski dnevi na zaposlenega (IO);2013;16
N DRUGE RAZNOVRSTNE POSLOVNE DEJAVNOSTI;Izgubljeni koledarski dnevi na zaposlenega (IO);2014;12
N DRUGE RAZNOVRSTNE POSLOVNE DEJAVNOSTI;Izgubljeni koledarski dnevi na zaposlenega (IO);2015;15
N DRUGE RAZNOVRSTNE POSLOVNE DEJAVNOSTI;Izgubljeni koledarski dnevi na zaposlenega (IO);2016;15
N DRUGE RAZNOVRSTNE POSLOVNE DEJAVNOSTI;Izgubljeni koledarski dnevi na zaposlenega (IO);2017;16
N DRUGE RAZNOVRSTNE POSLOVNE DEJAVNOSTI;Izgubljeni koledarski dnevi na zaposlenega (IO);2018;19
O* DEJAVNOST JAVNE UPRAVE IN OBRAMBE, DEJAVNOST OBVEZNE SOCIALNE VARNOSTI*;Izgubljeni koledarski dnevi na zaposlenega (IO);2010;17
O* DEJAVNOST JAVNE UPRAVE IN OBRAMBE, DEJAVNOST OBVEZNE SOCIALNE VARNOSTI*;Izgubljeni koledarski dnevi na zaposlenega (IO);2011;15
O* DEJAVNOST JAVNE UPRAVE IN OBRAMBE, DEJAVNOST OBVEZNE SOCIALNE VARNOSTI*;Izgubljeni koledarski dnevi na zaposlenega (IO);2012;31
O* DEJAVNOST JAVNE UPRAVE IN OBRAMBE, DEJAVNOST OBVEZNE SOCIALNE VARNOSTI*;Izgubljeni koledarski dnevi na zaposlenega (IO);2013;25
O* DEJAVNOST JAVNE UPRAVE IN OBRAMBE, DEJAVNOST OBVEZNE SOCIALNE VARNOSTI*;Izgubljeni koledarski dnevi na zaposlenega (IO);2014;22
O* DEJAVNOST JAVNE UPRAVE IN OBRAMBE, DEJAVNOST OBVEZNE SOCIALNE VARNOSTI*;Izgubljeni koledarski dnevi na zaposlenega (IO);2015;23
O* DEJAVNOST JAVNE UPRAVE IN OBRAMBE, DEJAVNOST OBVEZNE SOCIALNE VARNOSTI*;Izgubljeni koledarski dnevi na zaposlenega (IO);2016;23
O* DEJAVNOST JAVNE UPRAVE IN OBRAMBE, DEJAVNOST OBVEZNE SOCIALNE VARNOSTI*;Izgubljeni koledarski dnevi na zaposlenega (IO);2017;24
O* DEJAVNOST JAVNE UPRAVE IN OBRAMBE, DEJAVNOST OBVEZNE SOCIALNE VARNOSTI*;Izgubljeni koledarski dnevi na zaposlenega (IO);2018;26
P IZOBRAŽEVANJE;Izgubljeni koledarski dnevi na zaposlenega (IO);2010;13
P IZOBRAŽEVANJE;Izgubljeni koledarski dnevi na zaposlenega (IO);2011;13
P IZOBRAŽEVANJE;Izgubljeni koledarski dnevi na zaposlenega (IO);2012;14
P IZOBRAŽEVANJE;Izgubljeni koledarski dnevi na zaposlenega (IO);2013;14
P IZOBRAŽEVANJE;Izgubljeni koledarski dnevi na zaposlenega (IO);2014;13
P IZOBRAŽEVANJE;Izgubljeni koledarski dnevi na zaposlenega (IO);2015;14
P IZOBRAŽEVANJE;Izgubljeni koledarski dnevi na zaposlenega (IO);2016;14
P IZOBRAŽEVANJE;Izgubljeni koledarski dnevi na zaposlenega (IO);2017;15
P IZOBRAŽEVANJE;Izgubljeni koledarski dnevi na zaposlenega (IO);2018;16
Q ZDRAVSTVO IN SOCIALNO VARSTVO;Izgubljeni koledarski dnevi na zaposlenega (IO);2010;18
Q ZDRAVSTVO IN SOCIALNO VARSTVO;Izgubljeni koledarski dnevi na zaposlenega (IO);2011;18
Q ZDRAVSTVO IN SOCIALNO VARSTVO;Izgubljeni koledarski dnevi na zaposlenega (IO);2012;18
Q ZDRAVSTVO IN SOCIALNO VARSTVO;Izgubljeni koledarski dnevi na zaposlenega (IO);2013;19
Q ZDRAVSTVO IN SOCIALNO VARSTVO;Izgubljeni koledarski dnevi na zaposlenega (IO);2014;18
Q ZDRAVSTVO IN SOCIALNO VARSTVO;Izgubljeni koledarski dnevi na zaposlenega (IO);2015;19
Q ZDRAVSTVO IN SOCIALNO VARSTVO;Izgubljeni koledarski dnevi na zaposlenega (IO);2016;20
Q ZDRAVSTVO IN SOCIALNO VARSTVO;Izgubljeni koledarski dnevi na zaposlenega (IO);2017;20
Q ZDRAVSTVO IN SOCIALNO VARSTVO;Izgubljeni koledarski dnevi na zaposlenega (IO);2018;23
R KULTURNE, RAZVEDRILNE IN REKREACIJSKE DEJAVNOSTI;Izgubljeni koledarski dnevi na zaposlenega (IO);2010;11
R KULTURNE, RAZVEDRILNE IN REKREACIJSKE DEJAVNOSTI;Izgubljeni koledarski dnevi na zaposlenega (IO);2011;12
R KULTURNE, RAZVEDRILNE IN REKREACIJSKE DEJAVNOSTI;Izgubljeni koledarski dnevi na zaposlenega (IO);2012;12
R KULTURNE, RAZVEDRILNE IN REKREACIJSKE DEJAVNOSTI;Izgubljeni koledarski dnevi na zaposlenega (IO);2013;12
R KULTURNE, RAZVEDRILNE IN REKREACIJSKE DEJAVNOSTI;Izgubljeni koledarski dnevi na zaposlenega (IO);2014;11
R KULTURNE, RAZVEDRILNE IN REKREACIJSKE DEJAVNOSTI;Izgubljeni koledarski dnevi na zaposlenega (IO);2015;11
R KULTURNE, RAZVEDRILNE IN REKREACIJSKE DEJAVNOSTI;Izgubljeni koledarski dnevi na zaposlenega (IO);2016;10
R KULTURNE, RAZVEDRILNE IN REKREACIJSKE DEJAVNOSTI;Izgubljeni koledarski dnevi na zaposlenega (IO);2017;12
R KULTURNE, RAZVEDRILNE IN REKREACIJSKE DEJAVNOSTI;Izgubljeni koledarski dnevi na zaposlenega (IO);2018;12
S DRUGE DEJAVNOSTI;Izgubljeni koledarski dnevi na zaposlenega (IO);2010;11
S DRUGE DEJAVNOSTI;Izgubljeni koledarski dnevi na zaposlenega (IO);2011;11
S DRUGE DEJAVNOSTI;Izgubljeni koledarski dnevi na zaposlenega (IO);2012;12
S DRUGE DEJAVNOSTI;Izgubljeni koledarski dnevi na zaposlenega (IO);2013;12
S DRUGE DEJAVNOSTI;Izgubljeni koledarski dnevi na zaposlenega (IO);2014;10
S DRUGE DEJAVNOSTI;Izgubljeni koledarski dnevi na zaposlenega (IO);2015;10
S DRUGE DEJAVNOSTI;Izgubljeni koledarski dnevi na zaposlenega (IO);2016;10
S DRUGE DEJAVNOSTI;Izgubljeni koledarski dnevi na zaposlenega (IO);2017;11
S DRUGE DEJAVNOSTI;Izgubljeni koledarski dnevi na zaposlenega (IO);2018;12
T DEJAVNOST GOSPODINJSTEV Z ZAPOSLENIM HIŠNIM OSEBJEM, PROIZVODNJA ZA LASTNO RABO;Izgubljeni koledarski dnevi na zaposlenega (IO);2010;-
T DEJAVNOST GOSPODINJSTEV Z ZAPOSLENIM HIŠNIM OSEBJEM, PROIZVODNJA ZA LASTNO RABO;Izgubljeni koledarski dnevi na zaposlenega (IO);2011;0
T DEJAVNOST GOSPODINJSTEV Z ZAPOSLENIM HIŠNIM OSEBJEM, PROIZVODNJA ZA LASTNO RABO;Izgubljeni koledarski dnevi na zaposlenega (IO);2012;-
T DEJAVNOST GOSPODINJSTEV Z ZAPOSLENIM HIŠNIM OSEBJEM, PROIZVODNJA ZA LASTNO RABO;Izgubljeni koledarski dnevi na zaposlenega (IO);2013;-
T DEJAVNOST GOSPODINJSTEV Z ZAPOSLENIM HIŠNIM OSEBJEM, PROIZVODNJA ZA LASTNO RABO;Izgubljeni koledarski dnevi na zaposlenega (IO);2014;-
T DEJAVNOST GOSPODINJSTEV Z ZAPOSLENIM HIŠNIM OSEBJEM, PROIZVODNJA ZA LASTNO RABO;Izgubljeni koledarski dnevi na zaposlenega (IO);2015;-
T DEJAVNOST GOSPODINJSTEV Z ZAPOSLENIM HIŠNIM OSEBJEM, PROIZVODNJA ZA LASTNO RABO;Izgubljeni koledarski dnevi na zaposlenega (IO);2016;-
T DEJAVNOST GOSPODINJSTEV Z ZAPOSLENIM HIŠNIM OSEBJEM, PROIZVODNJA ZA LASTNO RABO;Izgubljeni koledarski dnevi na zaposlenega (IO);2017;-
T DEJAVNOST GOSPODINJSTEV Z ZAPOSLENIM HIŠNIM OSEBJEM, PROIZVODNJA ZA LASTNO RABO;Izgubljeni koledarski dnevi na zaposlenega (IO);2018;-
U DEJAVNOST EKSTERITORIALNIH ORGANIZACIJ IN TELES;Izgubljeni koledarski dnevi na zaposlenega (IO);2010;-
U DEJAVNOST EKSTERITORIALNIH ORGANIZACIJ IN TELES;Izgubljeni koledarski dnevi na zaposlenega (IO);2011;-
U DEJAVNOST EKSTERITORIALNIH ORGANIZACIJ IN TELES;Izgubljeni koledarski dnevi na zaposlenega (IO);2012;-
U DEJAVNOST EKSTERITORIALNIH ORGANIZACIJ IN TELES;Izgubljeni koledarski dnevi na zaposlenega (IO);2013;-
U DEJAVNOST EKSTERITORIALNIH ORGANIZACIJ IN TELES;Izgubljeni koledarski dnevi na zaposlenega (IO);2014;-
U DEJAVNOST EKSTERITORIALNIH ORGANIZACIJ IN TELES;Izgubljeni koledarski dnevi na zaposlenega (IO);2015;-
U DEJAVNOST EKSTERITORIALNIH ORGANIZACIJ IN TELES;Izgubljeni koledarski dnevi na zaposlenega (IO);2016;-
U DEJAVNOST EKSTERITORIALNIH ORGANIZACIJ IN TELES;Izgubljeni koledarski dnevi na zaposlenega (IO);2017;-
U DEJAVNOST EKSTERITORIALNIH ORGANIZACIJ IN TELES;Izgubljeni koledarski dnevi na zaposlenega (IO);2018;-
A01 Kmetijska proizvodnja in lov ter z njima povezane storitve;Izgubljeni koledarski dnevi na zaposlenega (IO);2010;13
A01 Kmetijska proizvodnja in lov ter z njima povezane storitve;Izgubljeni koledarski dnevi na zaposlenega (IO);2011;12
A01 Kmetijska proizvodnja in lov ter z njima povezane storitve;Izgubljeni koledarski dnevi na zaposlenega (IO);2012;13
A01 Kmetijska proizvodnja in lov ter z njima povezane storitve;Izgubljeni koledarski dnevi na zaposlenega (IO);2013;13
A01 Kmetijska proizvodnja in lov ter z njima povezane storitve;Izgubljeni koledarski dnevi na zaposlenega (IO);2014;12
A01 Kmetijska proizvodnja in lov ter z njima povezane storitve;Izgubljeni koledarski dnevi na zaposlenega (IO);2015;12
A01 Kmetijska proizvodnja in lov ter z njima povezane storitve;Izgubljeni koledarski dnevi na zaposlenega (IO);2016;13
A01 Kmetijska proizvodnja in lov ter z njima povezane storitve;Izgubljeni koledarski dnevi na zaposlenega (IO);2017;14
A01 Kmetijska proizvodnja in lov ter z njima povezane storitve;Izgubljeni koledarski dnevi na zaposlenega (IO);2018;16
A02 Gozdarstvo;Izgubljeni koledarski dnevi na zaposlenega (IO);2010;18
A02 Gozdarstvo;Izgubljeni koledarski dnevi na zaposlenega (IO);2011;18
A02 Gozdarstvo;Izgubljeni koledarski dnevi na zaposlenega (IO);2012;16
A02 Gozdarstvo;Izgubljeni koledarski dnevi na zaposlenega (IO);2013;18
A02 Gozdarstvo;Izgubljeni koledarski dnevi na zaposlenega (IO);2014;17
A02 Gozdarstvo;Izgubljeni koledarski dnevi na zaposlenega (IO);2015;18
A02 Gozdarstvo;Izgubljeni koledarski dnevi na zaposlenega (IO);2016;23
A02 Gozdarstvo;Izgubljeni koledarski dnevi na zaposlenega (IO);2017;20
A02 Gozdarstvo;Izgubljeni koledarski dnevi na zaposlenega (IO);2018;17
A03 Ribištvo in gojenje vodnih organizmov;Izgubljeni koledarski dnevi na zaposlenega (IO);2010;9
A03 Ribištvo in gojenje vodnih organizmov;Izgubljeni koledarski dnevi na zaposlenega (IO);2011;11
A03 Ribištvo in gojenje vodnih organizmov;Izgubljeni koledarski dnevi na zaposlenega (IO);2012;5
A03 Ribištvo in gojenje vodnih organizmov;Izgubljeni koledarski dnevi na zaposlenega (IO);2013;14
A03 Ribištvo in gojenje vodnih organizmov;Izgubljeni koledarski dnevi na zaposlenega (IO);2014;16
A03 Ribištvo in gojenje vodnih organizmov;Izgubljeni koledarski dnevi na zaposlenega (IO);2015;6
A03 Ribištvo in gojenje vodnih organizmov;Izgubljeni koledarski dnevi na zaposlenega (IO);2016;8
A03 Ribištvo in gojenje vodnih organizmov;Izgubljeni koledarski dnevi na zaposlenega (IO);2017;16
A03 Ribištvo in gojenje vodnih organizmov;Izgubljeni koledarski dnevi na zaposlenega (IO);2018;12
B05 Pridobivanje premoga;Izgubljeni koledarski dnevi na zaposlenega (IO);2010;21
B05 Pridobivanje premoga;Izgubljeni koledarski dnevi na zaposlenega (IO);2011;19
B05 Pridobivanje premoga;Izgubljeni koledarski dnevi na zaposlenega (IO);2012;22
B05 Pridobivanje premoga;Izgubljeni koledarski dnevi na zaposlenega (IO);2013;28
B05 Pridobivanje premoga;Izgubljeni koledarski dnevi na zaposlenega (IO);2014;22
B05 Pridobivanje premoga;Izgubljeni koledarski dnevi na zaposlenega (IO);2015;31
B05 Pridobivanje premoga;Izgubljeni koledarski dnevi na zaposlenega (IO);2016;30
B05 Pridobivanje premoga;Izgubljeni koledarski dnevi na zaposlenega (IO);2017;33
B05 Pridobivanje premoga;Izgubljeni koledarski dnevi na zaposlenega (IO);2018;26
B06 Pridobivanje surove nafte in zemeljskega plina;Izgubljeni koledarski dnevi na zaposlenega (IO);2010;-
B06 Pridobivanje surove nafte in zemeljskega plina;Izgubljeni koledarski dnevi na zaposlenega (IO);2011;-
B06 Pridobivanje surove nafte in zemeljskega plina;Izgubljeni koledarski dnevi na zaposlenega (IO);2012;-
B06 Pridobivanje surove nafte in zemeljskega plina;Izgubljeni koledarski dnevi na zaposlenega (IO);2013;-
B06 Pridobivanje surove nafte in zemeljskega plina;Izgubljeni koledarski dnevi na zaposlenega (IO);2014;0
B06 Pridobivanje surove nafte in zemeljskega plina;Izgubljeni koledarski dnevi na zaposlenega (IO);2015;-
B06 Pridobivanje surove nafte in zemeljskega plina;Izgubljeni koledarski dnevi na zaposlenega (IO);2016;-
B06 Pridobivanje surove nafte in zemeljskega plina;Izgubljeni koledarski dnevi na zaposlenega (IO);2017;-
B06 Pridobivanje surove nafte in zemeljskega plina;Izgubljeni koledarski dnevi na zaposlenega (IO);2018;-
B07 Pridobivanje rud;Izgubljeni koledarski dnevi na zaposlenega (IO);2010;3
B07 Pridobivanje rud;Izgubljeni koledarski dnevi na zaposlenega (IO);2011;6
B07 Pridobivanje rud;Izgubljeni koledarski dnevi na zaposlenega (IO);2012;6
B07 Pridobivanje rud;Izgubljeni koledarski dnevi na zaposlenega (IO);2013;9
B07 Pridobivanje rud;Izgubljeni koledarski dnevi na zaposlenega (IO);2014;7
B07 Pridobivanje rud;Izgubljeni koledarski dnevi na zaposlenega (IO);2015;-
B07 Pridobivanje rud;Izgubljeni koledarski dnevi na zaposlenega (IO);2016;18
B07 Pridobivanje rud;Izgubljeni koledarski dnevi na zaposlenega (IO);2017;9
B07 Pridobivanje rud;Izgubljeni koledarski dnevi na zaposlenega (IO);2018;1
B08 Pridobivanje rudnin in kamnin;Izgubljeni koledarski dnevi na zaposlenega (IO);2010;18
B08 Pridobivanje rudnin in kamnin;Izgubljeni koledarski dnevi na zaposlenega (IO);2011;19
B08 Pridobivanje rudnin in kamnin;Izgubljeni koledarski dnevi na zaposlenega (IO);2012;16
B08 Pridobivanje rudnin in kamnin;Izgubljeni koledarski dnevi na zaposlenega (IO);2013;20
B08 Pridobivanje rudnin in kamnin;Izgubljeni koledarski dnevi na zaposlenega (IO);2014;21
B08 Pridobivanje rudnin in kamnin;Izgubljeni koledarski dnevi na zaposlenega (IO);2015;20
B08 Pridobivanje rudnin in kamnin;Izgubljeni koledarski dnevi na zaposlenega (IO);2016;17
B08 Pridobivanje rudnin in kamnin;Izgubljeni koledarski dnevi na zaposlenega (IO);2017;18
B08 Pridobivanje rudnin in kamnin;Izgubljeni koledarski dnevi na zaposlenega (IO);2018;19
B09 Storitve za rudarstvo;Izgubljeni koledarski dnevi na zaposlenega (IO);2010;22
B09 Storitve za rudarstvo;Izgubljeni koledarski dnevi na zaposlenega (IO);2011;13
B09 Storitve za rudarstvo;Izgubljeni koledarski dnevi na zaposlenega (IO);2012;19
B09 Storitve za rudarstvo;Izgubljeni koledarski dnevi na zaposlenega (IO);2013;8
B09 Storitve za rudarstvo;Izgubljeni koledarski dnevi na zaposlenega (IO);2014;7
B09 Storitve za rudarstvo;Izgubljeni koledarski dnevi na zaposlenega (IO);2015;15
B09 Storitve za rudarstvo;Izgubljeni koledarski dnevi na zaposlenega (IO);2016;8
B09 Storitve za rudarstvo;Izgubljeni koledarski dnevi na zaposlenega (IO);2017;10
B09 Storitve za rudarstvo;Izgubljeni koledarski dnevi na zaposlenega (IO);2018;22
C10 Proizvodnja živil;Izgubljeni koledarski dnevi na zaposlenega (IO);2010;19
C10 Proizvodnja živil;Izgubljeni koledarski dnevi na zaposlenega (IO);2011;18
C10 Proizvodnja živil;Izgubljeni koledarski dnevi na zaposlenega (IO);2012;19
C10 Proizvodnja živil;Izgubljeni koledarski dnevi na zaposlenega (IO);2013;19
C10 Proizvodnja živil;Izgubljeni koledarski dnevi na zaposlenega (IO);2014;17
C10 Proizvodnja živil;Izgubljeni koledarski dnevi na zaposlenega (IO);2015;18
C10 Proizvodnja živil;Izgubljeni koledarski dnevi na zaposlenega (IO);2016;18
C10 Proizvodnja živil;Izgubljeni koledarski dnevi na zaposlenega (IO);2017;19
C10 Proizvodnja živil;Izgubljeni koledarski dnevi na zaposlenega (IO);2018;21
C11 Proizvodnja pija?;Izgubljeni koledarski dnevi na zaposlenega (IO);2010;19
C11 Proizvodnja pija?;Izgubljeni koledarski dnevi na zaposlenega (IO);2011;17
C11 Proizvodnja pija?;Izgubljeni koledarski dnevi na zaposlenega (IO);2012;17
C11 Proizvodnja pija?;Izgubljeni koledarski dnevi na zaposlenega (IO);2013;18
C11 Proizvodnja pija?;Izgubljeni koledarski dnevi na zaposlenega (IO);2014;16
C11 Proizvodnja pija?;Izgubljeni koledarski dnevi na zaposlenega (IO);2015;17
C11 Proizvodnja pija?;Izgubljeni koledarski dnevi na zaposlenega (IO);2016;17
C11 Proizvodnja pija?;Izgubljeni koledarski dnevi na zaposlenega (IO);2017;15
C11 Proizvodnja pija?;Izgubljeni koledarski dnevi na zaposlenega (IO);2018;18
C12 Proizvodnja toba?nih izdelkov;Izgubljeni koledarski dnevi na zaposlenega (IO);2010;-
C12 Proizvodnja toba?nih izdelkov;Izgubljeni koledarski dnevi na zaposlenega (IO);2011;-
C12 Proizvodnja toba?nih izdelkov;Izgubljeni koledarski dnevi na zaposlenega (IO);2012;-
C12 Proizvodnja toba?nih izdelkov;Izgubljeni koledarski dnevi na zaposlenega (IO);2013;-
C12 Proizvodnja toba?nih izdelkov;Izgubljeni koledarski dnevi na zaposlenega (IO);2014;-
C12 Proizvodnja toba?nih izdelkov;Izgubljeni koledarski dnevi na zaposlenega (IO);2015;-
C12 Proizvodnja toba?nih izdelkov;Izgubljeni koledarski dnevi na zaposlenega (IO);2016;-
C12 Proizvodnja toba?nih izdelkov;Izgubljeni koledarski dnevi na zaposlenega (IO);2017;-
C12 Proizvodnja toba?nih izdelkov;Izgubljeni koledarski dnevi na zaposlenega (IO);2018;4
C13 Proizvodnja tekstilij;Izgubljeni koledarski dnevi na zaposlenega (IO);2010;26
C13 Proizvodnja tekstilij;Izgubljeni koledarski dnevi na zaposlenega (IO);2011;22
C13 Proizvodnja tekstilij;Izgubljeni koledarski dnevi na zaposlenega (IO);2012;23
C13 Proizvodnja tekstilij;Izgubljeni koledarski dnevi na zaposlenega (IO);2013;19
C13 Proizvodnja tekstilij;Izgubljeni koledarski dnevi na zaposlenega (IO);2014;20
C13 Proizvodnja tekstilij;Izgubljeni koledarski dnevi na zaposlenega (IO);2015;18
C13 Proizvodnja tekstilij;Izgubljeni koledarski dnevi na zaposlenega (IO);2016;17
C13 Proizvodnja tekstilij;Izgubljeni koledarski dnevi na zaposlenega (IO);2017;16
C13 Proizvodnja tekstilij;Izgubljeni koledarski dnevi na zaposlenega (IO);2018;21
C14 Proizvodnja obla?il;Izgubljeni koledarski dnevi na zaposlenega (IO);2010;18
C14 Proizvodnja obla?il;Izgubljeni koledarski dnevi na zaposlenega (IO);2011;17
C14 Proizvodnja obla?il;Izgubljeni koledarski dnevi na zaposlenega (IO);2012;17
C14 Proizvodnja obla?il;Izgubljeni koledarski dnevi na zaposlenega (IO);2013;19
C14 Proizvodnja obla?il;Izgubljeni koledarski dnevi na zaposlenega (IO);2014;18
C14 Proizvodnja obla?il;Izgubljeni koledarski dnevi na zaposlenega (IO);2015;14
C14 Proizvodnja obla?il;Izgubljeni koledarski dnevi na zaposlenega (IO);2016;14
C14 Proizvodnja obla?il;Izgubljeni koledarski dnevi na zaposlenega (IO);2017;14
C14 Proizvodnja obla?il;Izgubljeni koledarski dnevi na zaposlenega (IO);2018;16
C15 Proizvodnja usnja, usnjenih in sorodnih izdelkov;Izgubljeni koledarski dnevi na zaposlenega (IO);2010;19
C15 Proizvodnja usnja, usnjenih in sorodnih izdelkov;Izgubljeni koledarski dnevi na zaposlenega (IO);2011;18
C15 Proizvodnja usnja, usnjenih in sorodnih izdelkov;Izgubljeni koledarski dnevi na zaposlenega (IO);2012;20
C15 Proizvodnja usnja, usnjenih in sorodnih izdelkov;Izgubljeni koledarski dnevi na zaposlenega (IO);2013;19
C15 Proizvodnja usnja, usnjenih in sorodnih izdelkov;Izgubljeni koledarski dnevi na zaposlenega (IO);2014;17
C15 Proizvodnja usnja, usnjenih in sorodnih izdelkov;Izgubljeni koledarski dnevi na zaposlenega (IO);2015;17
C15 Proizvodnja usnja, usnjenih in sorodnih izdelkov;Izgubljeni koledarski dnevi na zaposlenega (IO);2016;23
C15 Proizvodnja usnja, usnjenih in sorodnih izdelkov;Izgubljeni koledarski dnevi na zaposlenega (IO);2017;24
C15 Proizvodnja usnja, usnjenih in sorodnih izdelkov;Izgubljeni koledarski dnevi na zaposlenega (IO);2018;24
C16 Obdelava in predelava lesa, proizvodnja izdelkov iz lesa,;Izgubljeni koledarski dnevi na zaposlenega (IO);2010;21
C16 Obdelava in predelava lesa, proizvodnja izdelkov iz lesa,;Izgubljeni koledarski dnevi na zaposlenega (IO);2011;20
C16 Obdelava in predelava lesa, proizvodnja izdelkov iz lesa,;Izgubljeni koledarski dnevi na zaposlenega (IO);2012;20
C16 Obdelava in predelava lesa, proizvodnja izdelkov iz lesa,;Izgubljeni koledarski dnevi na zaposlenega (IO);2013;17
C16 Obdelava in predelava lesa, proizvodnja izdelkov iz lesa,;Izgubljeni koledarski dnevi na zaposlenega (IO);2014;16
C16 Obdelava in predelava lesa, proizvodnja izdelkov iz lesa,;Izgubljeni koledarski dnevi na zaposlenega (IO);2015;17
C16 Obdelava in predelava lesa, proizvodnja izdelkov iz lesa,;Izgubljeni koledarski dnevi na zaposlenega (IO);2016;17
C16 Obdelava in predelava lesa, proizvodnja izdelkov iz lesa,;Izgubljeni koledarski dnevi na zaposlenega (IO);2017;17
C16 Obdelava in predelava lesa, proizvodnja izdelkov iz lesa,;Izgubljeni koledarski dnevi na zaposlenega (IO);2018;19
C17 Proizvodnja papirja in izdelkov iz papirja;Izgubljeni koledarski dnevi na zaposlenega (IO);2010;18
C17 Proizvodnja papirja in izdelkov iz papirja;Izgubljeni koledarski dnevi na zaposlenega (IO);2011;18
C17 Proizvodnja papirja in izdelkov iz papirja;Izgubljeni koledarski dnevi na zaposlenega (IO);2012;19
C17 Proizvodnja papirja in izdelkov iz papirja;Izgubljeni koledarski dnevi na zaposlenega (IO);2013;17
C17 Proizvodnja papirja in izdelkov iz papirja;Izgubljeni koledarski dnevi na zaposlenega (IO);2014;18
C17 Proizvodnja papirja in izdelkov iz papirja;Izgubljeni koledarski dnevi na zaposlenega (IO);2015;19
C17 Proizvodnja papirja in izdelkov iz papirja;Izgubljeni koledarski dnevi na zaposlenega (IO);2016;19
C17 Proizvodnja papirja in izdelkov iz papirja;Izgubljeni koledarski dnevi na zaposlenega (IO);2017;19
C17 Proizvodnja papirja in izdelkov iz papirja;Izgubljeni koledarski dnevi na zaposlenega (IO);2018;24
C18 Tiskarstvo in razmnoževanje posnetih nosilcev zapisa;Izgubljeni koledarski dnevi na zaposlenega (IO);2010;14
C18 Tiskarstvo in razmnoževanje posnetih nosilcev zapisa;Izgubljeni koledarski dnevi na zaposlenega (IO);2011;13
C18 Tiskarstvo in razmnoževanje posnetih nosilcev zapisa;Izgubljeni koledarski dnevi na zaposlenega (IO);2012;12
C18 Tiskarstvo in razmnoževanje posnetih nosilcev zapisa;Izgubljeni koledarski dnevi na zaposlenega (IO);2013;13
C18 Tiskarstvo in razmnoževanje posnetih nosilcev zapisa;Izgubljeni koledarski dnevi na zaposlenega (IO);2014;13
C18 Tiskarstvo in razmnoževanje posnetih nosilcev zapisa;Izgubljeni koledarski dnevi na zaposlenega (IO);2015;12
C18 Tiskarstvo in razmnoževanje posnetih nosilcev zapisa;Izgubljeni koledarski dnevi na zaposlenega (IO);2016;12
C18 Tiskarstvo in razmnoževanje posnetih nosilcev zapisa;Izgubljeni koledarski dnevi na zaposlenega (IO);2017;13
C18 Tiskarstvo in razmnoževanje posnetih nosilcev zapisa;Izgubljeni koledarski dnevi na zaposlenega (IO);2018;12
C19 Proizvodnja koksa in naftnih derivatov;Izgubljeni koledarski dnevi na zaposlenega (IO);2010;21
C19 Proizvodnja koksa in naftnih derivatov;Izgubljeni koledarski dnevi na zaposlenega (IO);2011;8
C19 Proizvodnja koksa in naftnih derivatov;Izgubljeni koledarski dnevi na zaposlenega (IO);2012;33
C19 Proizvodnja koksa in naftnih derivatov;Izgubljeni koledarski dnevi na zaposlenega (IO);2013;27
C19 Proizvodnja koksa in naftnih derivatov;Izgubljeni koledarski dnevi na zaposlenega (IO);2014;8
C19 Proizvodnja koksa in naftnih derivatov;Izgubljeni koledarski dnevi na zaposlenega (IO);2015;18
C19 Proizvodnja koksa in naftnih derivatov;Izgubljeni koledarski dnevi na zaposlenega (IO);2016;13
C19 Proizvodnja koksa in naftnih derivatov;Izgubljeni koledarski dnevi na zaposlenega (IO);2017;15
C19 Proizvodnja koksa in naftnih derivatov;Izgubljeni koledarski dnevi na zaposlenega (IO);2018;9
C20 Proizvodnja kemikalij, kemi?nih izdelkov;Izgubljeni koledarski dnevi na zaposlenega (IO);2010;20
C20 Proizvodnja kemikalij, kemi?nih izdelkov;Izgubljeni koledarski dnevi na zaposlenega (IO);2011;17
C20 Proizvodnja kemikalij, kemi?nih izdelkov;Izgubljeni koledarski dnevi na zaposlenega (IO);2012;17
C20 Proizvodnja kemikalij, kemi?nih izdelkov;Izgubljeni koledarski dnevi na zaposlenega (IO);2013;16
C20 Proizvodnja kemikalij, kemi?nih izdelkov;Izgubljeni koledarski dnevi na zaposlenega (IO);2014;15
C20 Proizvodnja kemikalij, kemi?nih izdelkov;Izgubljeni koledarski dnevi na zaposlenega (IO);2015;15
C20 Proizvodnja kemikalij, kemi?nih izdelkov;Izgubljeni koledarski dnevi na zaposlenega (IO);2016;16
C20 Proizvodnja kemikalij, kemi?nih izdelkov;Izgubljeni koledarski dnevi na zaposlenega (IO);2017;16
C20 Proizvodnja kemikalij, kemi?nih izdelkov;Izgubljeni koledarski dnevi na zaposlenega (IO);2018;18
C21 Proizvodnja farmacevtskih surovin in preparatov;Izgubljeni koledarski dnevi na zaposlenega (IO);2010;15
C21 Proizvodnja farmacevtskih surovin in preparatov;Izgubljeni koledarski dnevi na zaposlenega (IO);2011;16
C21 Proizvodnja farmacevtskih surovin in preparatov;Izgubljeni koledarski dnevi na zaposlenega (IO);2012;14
C21 Proizvodnja farmacevtskih surovin in preparatov;Izgubljeni koledarski dnevi na zaposlenega (IO);2013;16
C21 Proizvodnja farmacevtskih surovin in preparatov;Izgubljeni koledarski dnevi na zaposlenega (IO);2014;16
C21 Proizvodnja farmacevtskih surovin in preparatov;Izgubljeni koledarski dnevi na zaposlenega (IO);2015;16
C21 Proizvodnja farmacevtskih surovin in preparatov;Izgubljeni koledarski dnevi na zaposlenega (IO);2016;17
C21 Proizvodnja farmacevtskih surovin in preparatov;Izgubljeni koledarski dnevi na zaposlenega (IO);2017;19
C21 Proizvodnja farmacevtskih surovin in preparatov;Izgubljeni koledarski dnevi na zaposlenega (IO);2018;20
C22 Proizvodnja izdelkov iz gume in plasti?nih mas;Izgubljeni koledarski dnevi na zaposlenega (IO);2010;16
C22 Proizvodnja izdelkov iz gume in plasti?nih mas;Izgubljeni koledarski dnevi na zaposlenega (IO);2011;16
C22 Proizvodnja izdelkov iz gume in plasti?nih mas;Izgubljeni koledarski dnevi na zaposlenega (IO);2012;15
C22 Proizvodnja izdelkov iz gume in plasti?nih mas;Izgubljeni koledarski dnevi na zaposlenega (IO);2013;17
C22 Proizvodnja izdelkov iz gume in plasti?nih mas;Izgubljeni koledarski dnevi na zaposlenega (IO);2014;15
C22 Proizvodnja izdelkov iz gume in plasti?nih mas;Izgubljeni koledarski dnevi na zaposlenega (IO);2015;15
C22 Proizvodnja izdelkov iz gume in plasti?nih mas;Izgubljeni koledarski dnevi na zaposlenega (IO);2016;16
C22 Proizvodnja izdelkov iz gume in plasti?nih mas;Izgubljeni koledarski dnevi na zaposlenega (IO);2017;16
C22 Proizvodnja izdelkov iz gume in plasti?nih mas;Izgubljeni koledarski dnevi na zaposlenega (IO);2018;17
C23 Proizvodnja nekovinskih mineralnih izdelkov;Izgubljeni koledarski dnevi na zaposlenega (IO);2010;20
C23 Proizvodnja nekovinskih mineralnih izdelkov;Izgubljeni koledarski dnevi na zaposlenega (IO);2011;21
C23 Proizvodnja nekovinskih mineralnih izdelkov;Izgubljeni koledarski dnevi na zaposlenega (IO);2012;20
C23 Proizvodnja nekovinskih mineralnih izdelkov;Izgubljeni koledarski dnevi na zaposlenega (IO);2013;22
C23 Proizvodnja nekovinskih mineralnih izdelkov;Izgubljeni koledarski dnevi na zaposlenega (IO);2014;19
C23 Proizvodnja nekovinskih mineralnih izdelkov;Izgubljeni koledarski dnevi na zaposlenega (IO);2015;18
C23 Proizvodnja nekovinskih mineralnih izdelkov;Izgubljeni koledarski dnevi na zaposlenega (IO);2016;19
C23 Proizvodnja nekovinskih mineralnih izdelkov;Izgubljeni koledarski dnevi na zaposlenega (IO);2017;21
C23 Proizvodnja nekovinskih mineralnih izdelkov;Izgubljeni koledarski dnevi na zaposlenega (IO);2018;20
C24 Proizvodnja kovin;Izgubljeni koledarski dnevi na zaposlenega (IO);2010;20
C24 Proizvodnja kovin;Izgubljeni koledarski dnevi na zaposlenega (IO);2011;22
C24 Proizvodnja kovin;Izgubljeni koledarski dnevi na zaposlenega (IO);2012;19
C24 Proizvodnja kovin;Izgubljeni koledarski dnevi na zaposlenega (IO);2013;18
C24 Proizvodnja kovin;Izgubljeni koledarski dnevi na zaposlenega (IO);2014;18
C24 Proizvodnja kovin;Izgubljeni koledarski dnevi na zaposlenega (IO);2015;19
C24 Proizvodnja kovin;Izgubljeni koledarski dnevi na zaposlenega (IO);2016;17
C24 Proizvodnja kovin;Izgubljeni koledarski dnevi na zaposlenega (IO);2017;22
C24 Proizvodnja kovin;Izgubljeni koledarski dnevi na zaposlenega (IO);2018;23
C25 Proizvodnja kovinskih izdelkov, razen strojev in naprav;Izgubljeni koledarski dnevi na zaposlenega (IO);2010;17
C25 Proizvodnja kovinskih izdelkov, razen strojev in naprav;Izgubljeni koledarski dnevi na zaposlenega (IO);2011;16
C25 Proizvodnja kovinskih izdelkov, razen strojev in naprav;Izgubljeni koledarski dnevi na zaposlenega (IO);2012;15
C25 Proizvodnja kovinskih izdelkov, razen strojev in naprav;Izgubljeni koledarski dnevi na zaposlenega (IO);2013;14
C25 Proizvodnja kovinskih izdelkov, razen strojev in naprav;Izgubljeni koledarski dnevi na zaposlenega (IO);2014;13
C25 Proizvodnja kovinskih izdelkov, razen strojev in naprav;Izgubljeni koledarski dnevi na zaposlenega (IO);2015;14
C25 Proizvodnja kovinskih izdelkov, razen strojev in naprav;Izgubljeni koledarski dnevi na zaposlenega (IO);2016;15
C25 Proizvodnja kovinskih izdelkov, razen strojev in naprav;Izgubljeni koledarski dnevi na zaposlenega (IO);2017;14
C25 Proizvodnja kovinskih izdelkov, razen strojev in naprav;Izgubljeni koledarski dnevi na zaposlenega (IO);2018;16
C26 Proizvodnja ra?unalnikov, elektronskih in opti?nih izdelkov;Izgubljeni koledarski dnevi na zaposlenega (IO);2010;20
C26 Proizvodnja ra?unalnikov, elektronskih in opti?nih izdelkov;Izgubljeni koledarski dnevi na zaposlenega (IO);2011;15
C26 Proizvodnja ra?unalnikov, elektronskih in opti?nih izdelkov;Izgubljeni koledarski dnevi na zaposlenega (IO);2012;17
C26 Proizvodnja ra?unalnikov, elektronskih in opti?nih izdelkov;Izgubljeni koledarski dnevi na zaposlenega (IO);2013;16
C26 Proizvodnja ra?unalnikov, elektronskih in opti?nih izdelkov;Izgubljeni koledarski dnevi na zaposlenega (IO);2014;17
C26 Proizvodnja ra?unalnikov, elektronskih in opti?nih izdelkov;Izgubljeni koledarski dnevi na zaposlenega (IO);2015;17
C26 Proizvodnja ra?unalnikov, elektronskih in opti?nih izdelkov;Izgubljeni koledarski dnevi na zaposlenega (IO);2016;16
C26 Proizvodnja ra?unalnikov, elektronskih in opti?nih izdelkov;Izgubljeni koledarski dnevi na zaposlenega (IO);2017;18
C26 Proizvodnja ra?unalnikov, elektronskih in opti?nih izdelkov;Izgubljeni koledarski dnevi na zaposlenega (IO);2018;17
C27 Proizvodnja elektri?nih naprav;Izgubljeni koledarski dnevi na zaposlenega (IO);2010;22
C27 Proizvodnja elektri?nih naprav;Izgubljeni koledarski dnevi na zaposlenega (IO);2011;21
C27 Proizvodnja elektri?nih naprav;Izgubljeni koledarski dnevi na zaposlenega (IO);2012;24
C27 Proizvodnja elektri?nih naprav;Izgubljeni koledarski dnevi na zaposlenega (IO);2013;21
C27 Proizvodnja elektri?nih naprav;Izgubljeni koledarski dnevi na zaposlenega (IO);2014;19
C27 Proizvodnja elektri?nih naprav;Izgubljeni koledarski dnevi na zaposlenega (IO);2015;20
C27 Proizvodnja elektri?nih naprav;Izgubljeni koledarski dnevi na zaposlenega (IO);2016;18
C27 Proizvodnja elektri?nih naprav;Izgubljeni koledarski dnevi na zaposlenega (IO);2017;20
C27 Proizvodnja elektri?nih naprav;Izgubljeni koledarski dnevi na zaposlenega (IO);2018;22
C28 Proizvodnja drugih strojev in naprav;Izgubljeni koledarski dnevi na zaposlenega (IO);2010;19
C28 Proizvodnja drugih strojev in naprav;Izgubljeni koledarski dnevi na zaposlenega (IO);2011;17
C28 Proizvodnja drugih strojev in naprav;Izgubljeni koledarski dnevi na zaposlenega (IO);2012;16
C28 Proizvodnja drugih strojev in naprav;Izgubljeni koledarski dnevi na zaposlenega (IO);2013;16
C28 Proizvodnja drugih strojev in naprav;Izgubljeni koledarski dnevi na zaposlenega (IO);2014;15
C28 Proizvodnja drugih strojev in naprav;Izgubljeni koledarski dnevi na zaposlenega (IO);2015;15
C28 Proizvodnja drugih strojev in naprav;Izgubljeni koledarski dnevi na zaposlenega (IO);2016;16
C28 Proizvodnja drugih strojev in naprav;Izgubljeni koledarski dnevi na zaposlenega (IO);2017;16
C28 Proizvodnja drugih strojev in naprav;Izgubljeni koledarski dnevi na zaposlenega (IO);2018;17
C29 Proizvodnja motornih vozil, prikolic in polprikolic;Izgubljeni koledarski dnevi na zaposlenega (IO);2010;18
C29 Proizvodnja motornih vozil, prikolic in polprikolic;Izgubljeni koledarski dnevi na zaposlenega (IO);2011;18
C29 Proizvodnja motornih vozil, prikolic in polprikolic;Izgubljeni koledarski dnevi na zaposlenega (IO);2012;18
C29 Proizvodnja motornih vozil, prikolic in polprikolic;Izgubljeni koledarski dnevi na zaposlenega (IO);2013;18
C29 Proizvodnja motornih vozil, prikolic in polprikolic;Izgubljeni koledarski dnevi na zaposlenega (IO);2014;16
C29 Proizvodnja motornih vozil, prikolic in polprikolic;Izgubljeni koledarski dnevi na zaposlenega (IO);2015;17
C29 Proizvodnja motornih vozil, prikolic in polprikolic;Izgubljeni koledarski dnevi na zaposlenega (IO);2016;19
C29 Proizvodnja motornih vozil, prikolic in polprikolic;Izgubljeni koledarski dnevi na zaposlenega (IO);2017;17
C29 Proizvodnja motornih vozil, prikolic in polprikolic;Izgubljeni koledarski dnevi na zaposlenega (IO);2018;19
C30 Proizvodnja drugih vozil in plovil;Izgubljeni koledarski dnevi na zaposlenega (IO);2010;33
C30 Proizvodnja drugih vozil in plovil;Izgubljeni koledarski dnevi na zaposlenega (IO);2011;15
C30 Proizvodnja drugih vozil in plovil;Izgubljeni koledarski dnevi na zaposlenega (IO);2012;10
C30 Proizvodnja drugih vozil in plovil;Izgubljeni koledarski dnevi na zaposlenega (IO);2013;15
C30 Proizvodnja drugih vozil in plovil;Izgubljeni koledarski dnevi na zaposlenega (IO);2014;11
C30 Proizvodnja drugih vozil in plovil;Izgubljeni koledarski dnevi na zaposlenega (IO);2015;12
C30 Proizvodnja drugih vozil in plovil;Izgubljeni koledarski dnevi na zaposlenega (IO);2016;10
C30 Proizvodnja drugih vozil in plovil;Izgubljeni koledarski dnevi na zaposlenega (IO);2017;13
C30 Proizvodnja drugih vozil in plovil;Izgubljeni koledarski dnevi na zaposlenega (IO);2018;14
C31 Proizvodnja pohištva;Izgubljeni koledarski dnevi na zaposlenega (IO);2010;20
C31 Proizvodnja pohištva;Izgubljeni koledarski dnevi na zaposlenega (IO);2011;18
C31 Proizvodnja pohištva;Izgubljeni koledarski dnevi na zaposlenega (IO);2012;17
C31 Proizvodnja pohištva;Izgubljeni koledarski dnevi na zaposlenega (IO);2013;15
C31 Proizvodnja pohištva;Izgubljeni koledarski dnevi na zaposlenega (IO);2014;16
C31 Proizvodnja pohištva;Izgubljeni koledarski dnevi na zaposlenega (IO);2015;15
C31 Proizvodnja pohištva;Izgubljeni koledarski dnevi na zaposlenega (IO);2016;15
C31 Proizvodnja pohištva;Izgubljeni koledarski dnevi na zaposlenega (IO);2017;17
C31 Proizvodnja pohištva;Izgubljeni koledarski dnevi na zaposlenega (IO);2018;18
C32 Druge raznovrstne predelovalne dejavnosti;Izgubljeni koledarski dnevi na zaposlenega (IO);2010;14
C32 Druge raznovrstne predelovalne dejavnosti;Izgubljeni koledarski dnevi na zaposlenega (IO);2011;12
C32 Druge raznovrstne predelovalne dejavnosti;Izgubljeni koledarski dnevi na zaposlenega (IO);2012;15
C32 Druge raznovrstne predelovalne dejavnosti;Izgubljeni koledarski dnevi na zaposlenega (IO);2013;15
C32 Druge raznovrstne predelovalne dejavnosti;Izgubljeni koledarski dnevi na zaposlenega (IO);2014;12
C32 Druge raznovrstne predelovalne dejavnosti;Izgubljeni koledarski dnevi na zaposlenega (IO);2015;14
C32 Druge raznovrstne predelovalne dejavnosti;Izgubljeni koledarski dnevi na zaposlenega (IO);2016;13
C32 Druge raznovrstne predelovalne dejavnosti;Izgubljeni koledarski dnevi na zaposlenega (IO);2017;16
C32 Druge raznovrstne predelovalne dejavnosti;Izgubljeni koledarski dnevi na zaposlenega (IO);2018;16
C33 Popravila in montaža strojev in naprav;Izgubljeni koledarski dnevi na zaposlenega (IO);2010;8
C33 Popravila in montaža strojev in naprav;Izgubljeni koledarski dnevi na zaposlenega (IO);2011;11
C33 Popravila in montaža strojev in naprav;Izgubljeni koledarski dnevi na zaposlenega (IO);2012;13
C33 Popravila in montaža strojev in naprav;Izgubljeni koledarski dnevi na zaposlenega (IO);2013;14
C33 Popravila in montaža strojev in naprav;Izgubljeni koledarski dnevi na zaposlenega (IO);2014;12
C33 Popravila in montaža strojev in naprav;Izgubljeni koledarski dnevi na zaposlenega (IO);2015;13
C33 Popravila in montaža strojev in naprav;Izgubljeni koledarski dnevi na zaposlenega (IO);2016;12
C33 Popravila in montaža strojev in naprav;Izgubljeni koledarski dnevi na zaposlenega (IO);2017;12
C33 Popravila in montaža strojev in naprav;Izgubljeni koledarski dnevi na zaposlenega (IO);2018;14
D35 Oskrba z elektri?no energijo, plinom in paro;Izgubljeni koledarski dnevi na zaposlenega (IO);2010;15
D35 Oskrba z elektri?no energijo, plinom in paro;Izgubljeni koledarski dnevi na zaposlenega (IO);2011;14
D35 Oskrba z elektri?no energijo, plinom in paro;Izgubljeni koledarski dnevi na zaposlenega (IO);2012;14
D35 Oskrba z elektri?no energijo, plinom in paro;Izgubljeni koledarski dnevi na zaposlenega (IO);2013;13
D35 Oskrba z elektri?no energijo, plinom in paro;Izgubljeni koledarski dnevi na zaposlenega (IO);2014;14
D35 Oskrba z elektri?no energijo, plinom in paro;Izgubljeni koledarski dnevi na zaposlenega (IO);2015;14
D35 Oskrba z elektri?no energijo, plinom in paro;Izgubljeni koledarski dnevi na zaposlenega (IO);2016;15
D35 Oskrba z elektri?no energijo, plinom in paro;Izgubljeni koledarski dnevi na zaposlenega (IO);2017;15
D35 Oskrba z elektri?no energijo, plinom in paro;Izgubljeni koledarski dnevi na zaposlenega (IO);2018;15
E36 Zbiranje, pre?iš?evanje in distribucija vode;Izgubljeni koledarski dnevi na zaposlenega (IO);2010;16
E36 Zbiranje, pre?iš?evanje in distribucija vode;Izgubljeni koledarski dnevi na zaposlenega (IO);2011;17
E36 Zbiranje, pre?iš?evanje in distribucija vode;Izgubljeni koledarski dnevi na zaposlenega (IO);2012;15
E36 Zbiranje, pre?iš?evanje in distribucija vode;Izgubljeni koledarski dnevi na zaposlenega (IO);2013;14
E36 Zbiranje, pre?iš?evanje in distribucija vode;Izgubljeni koledarski dnevi na zaposlenega (IO);2014;15
E36 Zbiranje, pre?iš?evanje in distribucija vode;Izgubljeni koledarski dnevi na zaposlenega (IO);2015;15
E36 Zbiranje, pre?iš?evanje in distribucija vode;Izgubljeni koledarski dnevi na zaposlenega (IO);2016;17
E36 Zbiranje, pre?iš?evanje in distribucija vode;Izgubljeni koledarski dnevi na zaposlenega (IO);2017;19
E36 Zbiranje, pre?iš?evanje in distribucija vode;Izgubljeni koledarski dnevi na zaposlenega (IO);2018;19
E37 Ravnanje z odplakami;Izgubljeni koledarski dnevi na zaposlenega (IO);2010;22
E37 Ravnanje z odplakami;Izgubljeni koledarski dnevi na zaposlenega (IO);2011;18
E37 Ravnanje z odplakami;Izgubljeni koledarski dnevi na zaposlenega (IO);2012;21
E37 Ravnanje z odplakami;Izgubljeni koledarski dnevi na zaposlenega (IO);2013;16
E37 Ravnanje z odplakami;Izgubljeni koledarski dnevi na zaposlenega (IO);2014;19
E37 Ravnanje z odplakami;Izgubljeni koledarski dnevi na zaposlenega (IO);2015;11
E37 Ravnanje z odplakami;Izgubljeni koledarski dnevi na zaposlenega (IO);2016;12
E37 Ravnanje z odplakami;Izgubljeni koledarski dnevi na zaposlenega (IO);2017;17
E37 Ravnanje z odplakami;Izgubljeni koledarski dnevi na zaposlenega (IO);2018;19
E38 Zbiranje in odvoz odpadkov ter ravnanje z njimi, pridobivanj;Izgubljeni koledarski dnevi na zaposlenega (IO);2010;18
E38 Zbiranje in odvoz odpadkov ter ravnanje z njimi, pridobivanj;Izgubljeni koledarski dnevi na zaposlenega (IO);2011;18
E38 Zbiranje in odvoz odpadkov ter ravnanje z njimi, pridobivanj;Izgubljeni koledarski dnevi na zaposlenega (IO);2012;18
E38 Zbiranje in odvoz odpadkov ter ravnanje z njimi, pridobivanj;Izgubljeni koledarski dnevi na zaposlenega (IO);2013;18
E38 Zbiranje in odvoz odpadkov ter ravnanje z njimi, pridobivanj;Izgubljeni koledarski dnevi na zaposlenega (IO);2014;17
E38 Zbiranje in odvoz odpadkov ter ravnanje z njimi, pridobivanj;Izgubljeni koledarski dnevi na zaposlenega (IO);2015;17
E38 Zbiranje in odvoz odpadkov ter ravnanje z njimi, pridobivanj;Izgubljeni koledarski dnevi na zaposlenega (IO);2016;18
E38 Zbiranje in odvoz odpadkov ter ravnanje z njimi, pridobivanj;Izgubljeni koledarski dnevi na zaposlenega (IO);2017;23
E38 Zbiranje in odvoz odpadkov ter ravnanje z njimi, pridobivanj;Izgubljeni koledarski dnevi na zaposlenega (IO);2018;18
E39 Saniranje okolja in drugo ravnanje z odpadki;Izgubljeni koledarski dnevi na zaposlenega (IO);2010;22
E39 Saniranje okolja in drugo ravnanje z odpadki;Izgubljeni koledarski dnevi na zaposlenega (IO);2011;11
E39 Saniranje okolja in drugo ravnanje z odpadki;Izgubljeni koledarski dnevi na zaposlenega (IO);2012;9
E39 Saniranje okolja in drugo ravnanje z odpadki;Izgubljeni koledarski dnevi na zaposlenega (IO);2013;10
E39 Saniranje okolja in drugo ravnanje z odpadki;Izgubljeni koledarski dnevi na zaposlenega (IO);2014;14
E39 Saniranje okolja in drugo ravnanje z odpadki;Izgubljeni koledarski dnevi na zaposlenega (IO);2015;11
E39 Saniranje okolja in drugo ravnanje z odpadki;Izgubljeni koledarski dnevi na zaposlenega (IO);2016;22
E39 Saniranje okolja in drugo ravnanje z odpadki;Izgubljeni koledarski dnevi na zaposlenega (IO);2017;17
E39 Saniranje okolja in drugo ravnanje z odpadki;Izgubljeni koledarski dnevi na zaposlenega (IO);2018;13
F41 Gradnja stavb;Izgubljeni koledarski dnevi na zaposlenega (IO);2010;16
F41 Gradnja stavb;Izgubljeni koledarski dnevi na zaposlenega (IO);2011;14
F41 Gradnja stavb;Izgubljeni koledarski dnevi na zaposlenega (IO);2012;17
F41 Gradnja stavb;Izgubljeni koledarski dnevi na zaposlenega (IO);2013;15
F41 Gradnja stavb;Izgubljeni koledarski dnevi na zaposlenega (IO);2014;11
F41 Gradnja stavb;Izgubljeni koledarski dnevi na zaposlenega (IO);2015;13
F41 Gradnja stavb;Izgubljeni koledarski dnevi na zaposlenega (IO);2016;12
F41 Gradnja stavb;Izgubljeni koledarski dnevi na zaposlenega (IO);2017;12
F41 Gradnja stavb;Izgubljeni koledarski dnevi na zaposlenega (IO);2018;13
F42 Gradnja inženirskih objektov;Izgubljeni koledarski dnevi na zaposlenega (IO);2010;15
F42 Gradnja inženirskih objektov;Izgubljeni koledarski dnevi na zaposlenega (IO);2011;19
F42 Gradnja inženirskih objektov;Izgubljeni koledarski dnevi na zaposlenega (IO);2012;17
F42 Gradnja inženirskih objektov;Izgubljeni koledarski dnevi na zaposlenega (IO);2013;15
F42 Gradnja inženirskih objektov;Izgubljeni koledarski dnevi na zaposlenega (IO);2014;13
F42 Gradnja inženirskih objektov;Izgubljeni koledarski dnevi na zaposlenega (IO);2015;14
F42 Gradnja inženirskih objektov;Izgubljeni koledarski dnevi na zaposlenega (IO);2016;14
F42 Gradnja inženirskih objektov;Izgubljeni koledarski dnevi na zaposlenega (IO);2017;16
F42 Gradnja inženirskih objektov;Izgubljeni koledarski dnevi na zaposlenega (IO);2018;14
F43 Specializirana gradbena dela;Izgubljeni koledarski dnevi na zaposlenega (IO);2010;11
F43 Specializirana gradbena dela;Izgubljeni koledarski dnevi na zaposlenega (IO);2011;12
F43 Specializirana gradbena dela;Izgubljeni koledarski dnevi na zaposlenega (IO);2012;13
F43 Specializirana gradbena dela;Izgubljeni koledarski dnevi na zaposlenega (IO);2013;11
F43 Specializirana gradbena dela;Izgubljeni koledarski dnevi na zaposlenega (IO);2014;11
F43 Specializirana gradbena dela;Izgubljeni koledarski dnevi na zaposlenega (IO);2015;12
F43 Specializirana gradbena dela;Izgubljeni koledarski dnevi na zaposlenega (IO);2016;12
F43 Specializirana gradbena dela;Izgubljeni koledarski dnevi na zaposlenega (IO);2017;12
F43 Specializirana gradbena dela;Izgubljeni koledarski dnevi na zaposlenega (IO);2018;12
G45 Trgovina z motornimi vozili in popravila motornih vozil;Izgubljeni koledarski dnevi na zaposlenega (IO);2010;12
G45 Trgovina z motornimi vozili in popravila motornih vozil;Izgubljeni koledarski dnevi na zaposlenega (IO);2011;11
G45 Trgovina z motornimi vozili in popravila motornih vozil;Izgubljeni koledarski dnevi na zaposlenega (IO);2012;11
G45 Trgovina z motornimi vozili in popravila motornih vozil;Izgubljeni koledarski dnevi na zaposlenega (IO);2013;11
G45 Trgovina z motornimi vozili in popravila motornih vozil;Izgubljeni koledarski dnevi na zaposlenega (IO);2014;10
G45 Trgovina z motornimi vozili in popravila motornih vozil;Izgubljeni koledarski dnevi na zaposlenega (IO);2015;11
G45 Trgovina z motornimi vozili in popravila motornih vozil;Izgubljeni koledarski dnevi na zaposlenega (IO);2016;11
G45 Trgovina z motornimi vozili in popravila motornih vozil;Izgubljeni koledarski dnevi na zaposlenega (IO);2017;11
G45 Trgovina z motornimi vozili in popravila motornih vozil;Izgubljeni koledarski dnevi na zaposlenega (IO);2018;11
G46 Posredništvo in trgovina na debelo, razen z motornimi vozili;Izgubljeni koledarski dnevi na zaposlenega (IO);2010;12
G46 Posredništvo in trgovina na debelo, razen z motornimi vozili;Izgubljeni koledarski dnevi na zaposlenega (IO);2011;11
G46 Posredništvo in trgovina na debelo, razen z motornimi vozili;Izgubljeni koledarski dnevi na zaposlenega (IO);2012;11
G46 Posredništvo in trgovina na debelo, razen z motornimi vozili;Izgubljeni koledarski dnevi na zaposlenega (IO);2013;11
G46 Posredništvo in trgovina na debelo, razen z motornimi vozili;Izgubljeni koledarski dnevi na zaposlenega (IO);2014;10
G46 Posredništvo in trgovina na debelo, razen z motornimi vozili;Izgubljeni koledarski dnevi na zaposlenega (IO);2015;10
G46 Posredništvo in trgovina na debelo, razen z motornimi vozili;Izgubljeni koledarski dnevi na zaposlenega (IO);2016;10
G46 Posredništvo in trgovina na debelo, razen z motornimi vozili;Izgubljeni koledarski dnevi na zaposlenega (IO);2017;11
G46 Posredništvo in trgovina na debelo, razen z motornimi vozili;Izgubljeni koledarski dnevi na zaposlenega (IO);2018;12
G47 Trgovina na drobno, razen z motornimi vozili;Izgubljeni koledarski dnevi na zaposlenega (IO);2010;16
G47 Trgovina na drobno, razen z motornimi vozili;Izgubljeni koledarski dnevi na zaposlenega (IO);2011;16
G47 Trgovina na drobno, razen z motornimi vozili;Izgubljeni koledarski dnevi na zaposlenega (IO);2012;16
G47 Trgovina na drobno, razen z motornimi vozili;Izgubljeni koledarski dnevi na zaposlenega (IO);2013;17
G47 Trgovina na drobno, razen z motornimi vozili;Izgubljeni koledarski dnevi na zaposlenega (IO);2014;15
G47 Trgovina na drobno, razen z motornimi vozili;Izgubljeni koledarski dnevi na zaposlenega (IO);2015;17
G47 Trgovina na drobno, razen z motornimi vozili;Izgubljeni koledarski dnevi na zaposlenega (IO);2016;17
G47 Trgovina na drobno, razen z motornimi vozili;Izgubljeni koledarski dnevi na zaposlenega (IO);2017;18
G47 Trgovina na drobno, razen z motornimi vozili;Izgubljeni koledarski dnevi na zaposlenega (IO);2018;20
H49 Kopenski promet, cevovodni transport;Izgubljeni koledarski dnevi na zaposlenega (IO);2010;12
H49 Kopenski promet, cevovodni transport;Izgubljeni koledarski dnevi na zaposlenega (IO);2011;11
H49 Kopenski promet, cevovodni transport;Izgubljeni koledarski dnevi na zaposlenega (IO);2012;12
H49 Kopenski promet, cevovodni transport;Izgubljeni koledarski dnevi na zaposlenega (IO);2013;12
H49 Kopenski promet, cevovodni transport;Izgubljeni koledarski dnevi na zaposlenega (IO);2014;11
H49 Kopenski promet, cevovodni transport;Izgubljeni koledarski dnevi na zaposlenega (IO);2015;11
H49 Kopenski promet, cevovodni transport;Izgubljeni koledarski dnevi na zaposlenega (IO);2016;10
H49 Kopenski promet, cevovodni transport;Izgubljeni koledarski dnevi na zaposlenega (IO);2017;10
H49 Kopenski promet, cevovodni transport;Izgubljeni koledarski dnevi na zaposlenega (IO);2018;11
H50 Vodni promet;Izgubljeni koledarski dnevi na zaposlenega (IO);2010;14
H50 Vodni promet;Izgubljeni koledarski dnevi na zaposlenega (IO);2011;15
H50 Vodni promet;Izgubljeni koledarski dnevi na zaposlenega (IO);2012;13
H50 Vodni promet;Izgubljeni koledarski dnevi na zaposlenega (IO);2013;8
H50 Vodni promet;Izgubljeni koledarski dnevi na zaposlenega (IO);2014;4
H50 Vodni promet;Izgubljeni koledarski dnevi na zaposlenega (IO);2015;7
H50 Vodni promet;Izgubljeni koledarski dnevi na zaposlenega (IO);2016;7
H50 Vodni promet;Izgubljeni koledarski dnevi na zaposlenega (IO);2017;7
H50 Vodni promet;Izgubljeni koledarski dnevi na zaposlenega (IO);2018;9
H51 Zra?ni promet;Izgubljeni koledarski dnevi na zaposlenega (IO);2010;19
H51 Zra?ni promet;Izgubljeni koledarski dnevi na zaposlenega (IO);2011;14
H51 Zra?ni promet;Izgubljeni koledarski dnevi na zaposlenega (IO);2012;12
H51 Zra?ni promet;Izgubljeni koledarski dnevi na zaposlenega (IO);2013;13
H51 Zra?ni promet;Izgubljeni koledarski dnevi na zaposlenega (IO);2014;12
H51 Zra?ni promet;Izgubljeni koledarski dnevi na zaposlenega (IO);2015;14
H51 Zra?ni promet;Izgubljeni koledarski dnevi na zaposlenega (IO);2016;15
H51 Zra?ni promet;Izgubljeni koledarski dnevi na zaposlenega (IO);2017;14
H51 Zra?ni promet;Izgubljeni koledarski dnevi na zaposlenega (IO);2018;15
H52 Skladiš?enje in spremljajo?e prometne dejavnosti;Izgubljeni koledarski dnevi na zaposlenega (IO);2010;13
H52 Skladiš?enje in spremljajo?e prometne dejavnosti;Izgubljeni koledarski dnevi na zaposlenega (IO);2011;16
H52 Skladiš?enje in spremljajo?e prometne dejavnosti;Izgubljeni koledarski dnevi na zaposlenega (IO);2012;14
H52 Skladiš?enje in spremljajo?e prometne dejavnosti;Izgubljeni koledarski dnevi na zaposlenega (IO);2013;15
H52 Skladiš?enje in spremljajo?e prometne dejavnosti;Izgubljeni koledarski dnevi na zaposlenega (IO);2014;14
H52 Skladiš?enje in spremljajo?e prometne dejavnosti;Izgubljeni koledarski dnevi na zaposlenega (IO);2015;14
H52 Skladiš?enje in spremljajo?e prometne dejavnosti;Izgubljeni koledarski dnevi na zaposlenega (IO);2016;13
H52 Skladiš?enje in spremljajo?e prometne dejavnosti;Izgubljeni koledarski dnevi na zaposlenega (IO);2017;15
H52 Skladiš?enje in spremljajo?e prometne dejavnosti;Izgubljeni koledarski dnevi na zaposlenega (IO);2018;16
H53 Poštna in kurirska dejavnost;Izgubljeni koledarski dnevi na zaposlenega (IO);2010;20
H53 Poštna in kurirska dejavnost;Izgubljeni koledarski dnevi na zaposlenega (IO);2011;19
H53 Poštna in kurirska dejavnost;Izgubljeni koledarski dnevi na zaposlenega (IO);2012;20
H53 Poštna in kurirska dejavnost;Izgubljeni koledarski dnevi na zaposlenega (IO);2013;21
H53 Poštna in kurirska dejavnost;Izgubljeni koledarski dnevi na zaposlenega (IO);2014;20
H53 Poštna in kurirska dejavnost;Izgubljeni koledarski dnevi na zaposlenega (IO);2015;22
H53 Poštna in kurirska dejavnost;Izgubljeni koledarski dnevi na zaposlenega (IO);2016;22
H53 Poštna in kurirska dejavnost;Izgubljeni koledarski dnevi na zaposlenega (IO);2017;23
H53 Poštna in kurirska dejavnost;Izgubljeni koledarski dnevi na zaposlenega (IO);2018;26
I55 Gostinske nastanitvene dejavnosti;Izgubljeni koledarski dnevi na zaposlenega (IO);2010;21
I55 Gostinske nastanitvene dejavnosti;Izgubljeni koledarski dnevi na zaposlenega (IO);2011;22
I55 Gostinske nastanitvene dejavnosti;Izgubljeni koledarski dnevi na zaposlenega (IO);2012;20
I55 Gostinske nastanitvene dejavnosti;Izgubljeni koledarski dnevi na zaposlenega (IO);2013;20
I55 Gostinske nastanitvene dejavnosti;Izgubljeni koledarski dnevi na zaposlenega (IO);2014;19
I55 Gostinske nastanitvene dejavnosti;Izgubljeni koledarski dnevi na zaposlenega (IO);2015;20
I55 Gostinske nastanitvene dejavnosti;Izgubljeni koledarski dnevi na zaposlenega (IO);2016;18
I55 Gostinske nastanitvene dejavnosti;Izgubljeni koledarski dnevi na zaposlenega (IO);2017;19
I55 Gostinske nastanitvene dejavnosti;Izgubljeni koledarski dnevi na zaposlenega (IO);2018;20
I56 Dejavnost strežbe jedi in pija?;Izgubljeni koledarski dnevi na zaposlenega (IO);2010;13
I56 Dejavnost strežbe jedi in pija?;Izgubljeni koledarski dnevi na zaposlenega (IO);2011;12
I56 Dejavnost strežbe jedi in pija?;Izgubljeni koledarski dnevi na zaposlenega (IO);2012;12
I56 Dejavnost strežbe jedi in pija?;Izgubljeni koledarski dnevi na zaposlenega (IO);2013;13
I56 Dejavnost strežbe jedi in pija?;Izgubljeni koledarski dnevi na zaposlenega (IO);2014;12
I56 Dejavnost strežbe jedi in pija?;Izgubljeni koledarski dnevi na zaposlenega (IO);2015;12
I56 Dejavnost strežbe jedi in pija?;Izgubljeni koledarski dnevi na zaposlenega (IO);2016;12
I56 Dejavnost strežbe jedi in pija?;Izgubljeni koledarski dnevi na zaposlenega (IO);2017;13
I56 Dejavnost strežbe jedi in pija?;Izgubljeni koledarski dnevi na zaposlenega (IO);2018;14
J58 Založništvo;Izgubljeni koledarski dnevi na zaposlenega (IO);2010;12
J58 Založništvo;Izgubljeni koledarski dnevi na zaposlenega (IO);2011;12
J58 Založništvo;Izgubljeni koledarski dnevi na zaposlenega (IO);2012;10
J58 Založništvo;Izgubljeni koledarski dnevi na zaposlenega (IO);2013;12
J58 Založništvo;Izgubljeni koledarski dnevi na zaposlenega (IO);2014;12
J58 Založništvo;Izgubljeni koledarski dnevi na zaposlenega (IO);2015;14
J58 Založništvo;Izgubljeni koledarski dnevi na zaposlenega (IO);2016;13
J58 Založništvo;Izgubljeni koledarski dnevi na zaposlenega (IO);2017;12
J58 Založništvo;Izgubljeni koledarski dnevi na zaposlenega (IO);2018;12
J59 Dejavnosti v zvezi s filmi, video- in zvo?nimi zapisi;Izgubljeni koledarski dnevi na zaposlenega (IO);2010;6
J59 Dejavnosti v zvezi s filmi, video- in zvo?nimi zapisi;Izgubljeni koledarski dnevi na zaposlenega (IO);2011;7
J59 Dejavnosti v zvezi s filmi, video- in zvo?nimi zapisi;Izgubljeni koledarski dnevi na zaposlenega (IO);2012;9
J59 Dejavnosti v zvezi s filmi, video- in zvo?nimi zapisi;Izgubljeni koledarski dnevi na zaposlenega (IO);2013;6
J59 Dejavnosti v zvezi s filmi, video- in zvo?nimi zapisi;Izgubljeni koledarski dnevi na zaposlenega (IO);2014;6
J59 Dejavnosti v zvezi s filmi, video- in zvo?nimi zapisi;Izgubljeni koledarski dnevi na zaposlenega (IO);2015;6
J59 Dejavnosti v zvezi s filmi, video- in zvo?nimi zapisi;Izgubljeni koledarski dnevi na zaposlenega (IO);2016;5
J59 Dejavnosti v zvezi s filmi, video- in zvo?nimi zapisi;Izgubljeni koledarski dnevi na zaposlenega (IO);2017;7
J59 Dejavnosti v zvezi s filmi, video- in zvo?nimi zapisi;Izgubljeni koledarski dnevi na zaposlenega (IO);2018;8
J60 Radijska in televizijska dejavnost;Izgubljeni koledarski dnevi na zaposlenega (IO);2010;12
J60 Radijska in televizijska dejavnost;Izgubljeni koledarski dnevi na zaposlenega (IO);2011;10
J60 Radijska in televizijska dejavnost;Izgubljeni koledarski dnevi na zaposlenega (IO);2012;10
J60 Radijska in televizijska dejavnost;Izgubljeni koledarski dnevi na zaposlenega (IO);2013;10
J60 Radijska in televizijska dejavnost;Izgubljeni koledarski dnevi na zaposlenega (IO);2014;11
J60 Radijska in televizijska dejavnost;Izgubljeni koledarski dnevi na zaposlenega (IO);2015;12
J60 Radijska in televizijska dejavnost;Izgubljeni koledarski dnevi na zaposlenega (IO);2016;12
J60 Radijska in televizijska dejavnost;Izgubljeni koledarski dnevi na zaposlenega (IO);2017;12
J60 Radijska in televizijska dejavnost;Izgubljeni koledarski dnevi na zaposlenega (IO);2018;12
J61 Telekomunikacijske dejavnosti;Izgubljeni koledarski dnevi na zaposlenega (IO);2010;11
J61 Telekomunikacijske dejavnosti;Izgubljeni koledarski dnevi na zaposlenega (IO);2011;11
J61 Telekomunikacijske dejavnosti;Izgubljeni koledarski dnevi na zaposlenega (IO);2012;11
J61 Telekomunikacijske dejavnosti;Izgubljeni koledarski dnevi na zaposlenega (IO);2013;12
J61 Telekomunikacijske dejavnosti;Izgubljeni koledarski dnevi na zaposlenega (IO);2014;11
J61 Telekomunikacijske dejavnosti;Izgubljeni koledarski dnevi na zaposlenega (IO);2015;13
J61 Telekomunikacijske dejavnosti;Izgubljeni koledarski dnevi na zaposlenega (IO);2016;13
J61 Telekomunikacijske dejavnosti;Izgubljeni koledarski dnevi na zaposlenega (IO);2017;13
J61 Telekomunikacijske dejavnosti;Izgubljeni koledarski dnevi na zaposlenega (IO);2018;15
J62 Ra?unalniško programiranje, svetovanje in druge s tem…;Izgubljeni koledarski dnevi na zaposlenega (IO);2010;6
J62 Ra?unalniško programiranje, svetovanje in druge s tem…;Izgubljeni koledarski dnevi na zaposlenega (IO);2011;7
J62 Ra?unalniško programiranje, svetovanje in druge s tem…;Izgubljeni koledarski dnevi na zaposlenega (IO);2012;6
J62 Ra?unalniško programiranje, svetovanje in druge s tem…;Izgubljeni koledarski dnevi na zaposlenega (IO);2013;7
J62 Ra?unalniško programiranje, svetovanje in druge s tem…;Izgubljeni koledarski dnevi na zaposlenega (IO);2014;6
J62 Ra?unalniško programiranje, svetovanje in druge s tem…;Izgubljeni koledarski dnevi na zaposlenega (IO);2015;7
J62 Ra?unalniško programiranje, svetovanje in druge s tem…;Izgubljeni koledarski dnevi na zaposlenega (IO);2016;6
J62 Ra?unalniško programiranje, svetovanje in druge s tem…;Izgubljeni koledarski dnevi na zaposlenega (IO);2017;6
J62 Ra?unalniško programiranje, svetovanje in druge s tem…;Izgubljeni koledarski dnevi na zaposlenega (IO);2018;7
J63 Druge informacijske dejavnosti;Izgubljeni koledarski dnevi na zaposlenega (IO);2010;12
J63 Druge informacijske dejavnosti;Izgubljeni koledarski dnevi na zaposlenega (IO);2011;9
J63 Druge informacijske dejavnosti;Izgubljeni koledarski dnevi na zaposlenega (IO);2012;9
J63 Druge informacijske dejavnosti;Izgubljeni koledarski dnevi na zaposlenega (IO);2013;9
J63 Druge informacijske dejavnosti;Izgubljeni koledarski dnevi na zaposlenega (IO);2014;8
J63 Druge informacijske dejavnosti;Izgubljeni koledarski dnevi na zaposlenega (IO);2015;12
J63 Druge informacijske dejavnosti;Izgubljeni koledarski dnevi na zaposlenega (IO);2016;10
J63 Druge informacijske dejavnosti;Izgubljeni koledarski dnevi na zaposlenega (IO);2017;10
J63 Druge informacijske dejavnosti;Izgubljeni koledarski dnevi na zaposlenega (IO);2018;10
K64 Dejavnosti finan?nih storitev, razen zavarovalništva in deja;Izgubljeni koledarski dnevi na zaposlenega (IO);2010;14
K64 Dejavnosti finan?nih storitev, razen zavarovalništva in deja;Izgubljeni koledarski dnevi na zaposlenega (IO);2011;14
K64 Dejavnosti finan?nih storitev, razen zavarovalništva in deja;Izgubljeni koledarski dnevi na zaposlenega (IO);2012;14
K64 Dejavnosti finan?nih storitev, razen zavarovalništva in deja;Izgubljeni koledarski dnevi na zaposlenega (IO);2013;14
K64 Dejavnosti finan?nih storitev, razen zavarovalništva in deja;Izgubljeni koledarski dnevi na zaposlenega (IO);2014;14
K64 Dejavnosti finan?nih storitev, razen zavarovalništva in deja;Izgubljeni koledarski dnevi na zaposlenega (IO);2015;16
K64 Dejavnosti finan?nih storitev, razen zavarovalništva in deja;Izgubljeni koledarski dnevi na zaposlenega (IO);2016;15
K64 Dejavnosti finan?nih storitev, razen zavarovalništva in deja;Izgubljeni koledarski dnevi na zaposlenega (IO);2017;16
K64 Dejavnosti finan?nih storitev, razen zavarovalništva in deja;Izgubljeni koledarski dnevi na zaposlenega (IO);2018;17
K65 Dejavnosti zavarovanja, pozavarovanja in pokojninskih sklado;Izgubljeni koledarski dnevi na zaposlenega (IO);2010;14
K65 Dejavnosti zavarovanja, pozavarovanja in pokojninskih sklado;Izgubljeni koledarski dnevi na zaposlenega (IO);2011;15
K65 Dejavnosti zavarovanja, pozavarovanja in pokojninskih sklado;Izgubljeni koledarski dnevi na zaposlenega (IO);2012;13
K65 Dejavnosti zavarovanja, pozavarovanja in pokojninskih sklado;Izgubljeni koledarski dnevi na zaposlenega (IO);2013;14
K65 Dejavnosti zavarovanja, pozavarovanja in pokojninskih sklado;Izgubljeni koledarski dnevi na zaposlenega (IO);2014;12
K65 Dejavnosti zavarovanja, pozavarovanja in pokojninskih sklado;Izgubljeni koledarski dnevi na zaposlenega (IO);2015;13
K65 Dejavnosti zavarovanja, pozavarovanja in pokojninskih sklado;Izgubljeni koledarski dnevi na zaposlenega (IO);2016;13
K65 Dejavnosti zavarovanja, pozavarovanja in pokojninskih sklado;Izgubljeni koledarski dnevi na zaposlenega (IO);2017;15
K65 Dejavnosti zavarovanja, pozavarovanja in pokojninskih sklado;Izgubljeni koledarski dnevi na zaposlenega (IO);2018;15
K66 Pomožne dejavnosti za finan?ne in zavarovalniške storitve;Izgubljeni koledarski dnevi na zaposlenega (IO);2010;11
K66 Pomožne dejavnosti za finan?ne in zavarovalniške storitve;Izgubljeni koledarski dnevi na zaposlenega (IO);2011;11
K66 Pomožne dejavnosti za finan?ne in zavarovalniške storitve;Izgubljeni koledarski dnevi na zaposlenega (IO);2012;12
K66 Pomožne dejavnosti za finan?ne in zavarovalniške storitve;Izgubljeni koledarski dnevi na zaposlenega (IO);2013;11
K66 Pomožne dejavnosti za finan?ne in zavarovalniške storitve;Izgubljeni koledarski dnevi na zaposlenega (IO);2014;9
K66 Pomožne dejavnosti za finan?ne in zavarovalniške storitve;Izgubljeni koledarski dnevi na zaposlenega (IO);2015;10
K66 Pomožne dejavnosti za finan?ne in zavarovalniške storitve;Izgubljeni koledarski dnevi na zaposlenega (IO);2016;12
K66 Pomožne dejavnosti za finan?ne in zavarovalniške storitve;Izgubljeni koledarski dnevi na zaposlenega (IO);2017;10
K66 Pomožne dejavnosti za finan?ne in zavarovalniške storitve;Izgubljeni koledarski dnevi na zaposlenega (IO);2018;13
L68 Poslovanje z nepremi?ninami;Izgubljeni koledarski dnevi na zaposlenega (IO);2010;12
L68 Poslovanje z nepremi?ninami;Izgubljeni koledarski dnevi na zaposlenega (IO);2011;14
L68 Poslovanje z nepremi?ninami;Izgubljeni koledarski dnevi na zaposlenega (IO);2012;10
L68 Poslovanje z nepremi?ninami;Izgubljeni koledarski dnevi na zaposlenega (IO);2013;13
L68 Poslovanje z nepremi?ninami;Izgubljeni koledarski dnevi na zaposlenega (IO);2014;10
L68 Poslovanje z nepremi?ninami;Izgubljeni koledarski dnevi na zaposlenega (IO);2015;11
L68 Poslovanje z nepremi?ninami;Izgubljeni koledarski dnevi na zaposlenega (IO);2016;12
L68 Poslovanje z nepremi?ninami;Izgubljeni koledarski dnevi na zaposlenega (IO);2017;12
L68 Poslovanje z nepremi?ninami;Izgubljeni koledarski dnevi na zaposlenega (IO);2018;14
M69 Pravne in ra?unovodske dejavnosti;Izgubljeni koledarski dnevi na zaposlenega (IO);2010;8
M69 Pravne in ra?unovodske dejavnosti;Izgubljeni koledarski dnevi na zaposlenega (IO);2011;9
M69 Pravne in ra?unovodske dejavnosti;Izgubljeni koledarski dnevi na zaposlenega (IO);2012;9
M69 Pravne in ra?unovodske dejavnosti;Izgubljeni koledarski dnevi na zaposlenega (IO);2013;9
M69 Pravne in ra?unovodske dejavnosti;Izgubljeni koledarski dnevi na zaposlenega (IO);2014;9
M69 Pravne in ra?unovodske dejavnosti;Izgubljeni koledarski dnevi na zaposlenega (IO);2015;10
M69 Pravne in ra?unovodske dejavnosti;Izgubljeni koledarski dnevi na zaposlenega (IO);2016;10
M69 Pravne in ra?unovodske dejavnosti;Izgubljeni koledarski dnevi na zaposlenega (IO);2017;10
M69 Pravne in ra?unovodske dejavnosti;Izgubljeni koledarski dnevi na zaposlenega (IO);2018;9
M70 Dejavnost uprav podjetij, podjetniško in poslovno svetovanje;Izgubljeni koledarski dnevi na zaposlenega (IO);2010;8
M70 Dejavnost uprav podjetij, podjetniško in poslovno svetovanje;Izgubljeni koledarski dnevi na zaposlenega (IO);2011;8
M70 Dejavnost uprav podjetij, podjetniško in poslovno svetovanje;Izgubljeni koledarski dnevi na zaposlenega (IO);2012;9
M70 Dejavnost uprav podjetij, podjetniško in poslovno svetovanje;Izgubljeni koledarski dnevi na zaposlenega (IO);2013;8
M70 Dejavnost uprav podjetij, podjetniško in poslovno svetovanje;Izgubljeni koledarski dnevi na zaposlenega (IO);2014;9
M70 Dejavnost uprav podjetij, podjetniško in poslovno svetovanje;Izgubljeni koledarski dnevi na zaposlenega (IO);2015;9
M70 Dejavnost uprav podjetij, podjetniško in poslovno svetovanje;Izgubljeni koledarski dnevi na zaposlenega (IO);2016;8
M70 Dejavnost uprav podjetij, podjetniško in poslovno svetovanje;Izgubljeni koledarski dnevi na zaposlenega (IO);2017;8
M70 Dejavnost uprav podjetij, podjetniško in poslovno svetovanje;Izgubljeni koledarski dnevi na zaposlenega (IO);2018;10
M71 Arhitekturno in tehni?no projektiranje, tehni?no preizkušanj;Izgubljeni koledarski dnevi na zaposlenega (IO);2010;9
M71 Arhitekturno in tehni?no projektiranje, tehni?no preizkušanj;Izgubljeni koledarski dnevi na zaposlenega (IO);2011;9
M71 Arhitekturno in tehni?no projektiranje, tehni?no preizkušanj;Izgubljeni koledarski dnevi na zaposlenega (IO);2012;9
M71 Arhitekturno in tehni?no projektiranje, tehni?no preizkušanj;Izgubljeni koledarski dnevi na zaposlenega (IO);2013;9
M71 Arhitekturno in tehni?no projektiranje, tehni?no preizkušanj;Izgubljeni koledarski dnevi na zaposlenega (IO);2014;9
M71 Arhitekturno in tehni?no projektiranje, tehni?no preizkušanj;Izgubljeni koledarski dnevi na zaposlenega (IO);2015;8
M71 Arhitekturno in tehni?no projektiranje, tehni?no preizkušanj;Izgubljeni koledarski dnevi na zaposlenega (IO);2016;9
M71 Arhitekturno in tehni?no projektiranje, tehni?no preizkušanj;Izgubljeni koledarski dnevi na zaposlenega (IO);2017;8
M71 Arhitekturno in tehni?no projektiranje, tehni?no preizkušanj;Izgubljeni koledarski dnevi na zaposlenega (IO);2018;8
M72 Znanstvena raziskovalna in razvojna dejavnost;Izgubljeni koledarski dnevi na zaposlenega (IO);2010;7
M72 Znanstvena raziskovalna in razvojna dejavnost;Izgubljeni koledarski dnevi na zaposlenega (IO);2011;6
M72 Znanstvena raziskovalna in razvojna dejavnost;Izgubljeni koledarski dnevi na zaposlenega (IO);2012;8
M72 Znanstvena raziskovalna in razvojna dejavnost;Izgubljeni koledarski dnevi na zaposlenega (IO);2013;9
M72 Znanstvena raziskovalna in razvojna dejavnost;Izgubljeni koledarski dnevi na zaposlenega (IO);2014;8
M72 Znanstvena raziskovalna in razvojna dejavnost;Izgubljeni koledarski dnevi na zaposlenega (IO);2015;9
M72 Znanstvena raziskovalna in razvojna dejavnost;Izgubljeni koledarski dnevi na zaposlenega (IO);2016;9
M72 Znanstvena raziskovalna in razvojna dejavnost;Izgubljeni koledarski dnevi na zaposlenega (IO);2017;9
M72 Znanstvena raziskovalna in razvojna dejavnost;Izgubljeni koledarski dnevi na zaposlenega (IO);2018;9
M73 Oglaševanje in raziskovanje trga;Izgubljeni koledarski dnevi na zaposlenega (IO);2010;10
M73 Oglaševanje in raziskovanje trga;Izgubljeni koledarski dnevi na zaposlenega (IO);2011;10
M73 Oglaševanje in raziskovanje trga;Izgubljeni koledarski dnevi na zaposlenega (IO);2012;11
M73 Oglaševanje in raziskovanje trga;Izgubljeni koledarski dnevi na zaposlenega (IO);2013;11
M73 Oglaševanje in raziskovanje trga;Izgubljeni koledarski dnevi na zaposlenega (IO);2014;9
M73 Oglaševanje in raziskovanje trga;Izgubljeni koledarski dnevi na zaposlenega (IO);2015;8
M73 Oglaševanje in raziskovanje trga;Izgubljeni koledarski dnevi na zaposlenega (IO);2016;8
M73 Oglaševanje in raziskovanje trga;Izgubljeni koledarski dnevi na zaposlenega (IO);2017;9
M73 Oglaševanje in raziskovanje trga;Izgubljeni koledarski dnevi na zaposlenega (IO);2018;9
M74 Druge strokovne in tehni?ne dejavnosti;Izgubljeni koledarski dnevi na zaposlenega (IO);2010;7
M74 Druge strokovne in tehni?ne dejavnosti;Izgubljeni koledarski dnevi na zaposlenega (IO);2011;9
M74 Druge strokovne in tehni?ne dejavnosti;Izgubljeni koledarski dnevi na zaposlenega (IO);2012;8
M74 Druge strokovne in tehni?ne dejavnosti;Izgubljeni koledarski dnevi na zaposlenega (IO);2013;9
M74 Druge strokovne in tehni?ne dejavnosti;Izgubljeni koledarski dnevi na zaposlenega (IO);2014;7
M74 Druge strokovne in tehni?ne dejavnosti;Izgubljeni koledarski dnevi na zaposlenega (IO);2015;6
M74 Druge strokovne in tehni?ne dejavnosti;Izgubljeni koledarski dnevi na zaposlenega (IO);2016;5
M74 Druge strokovne in tehni?ne dejavnosti;Izgubljeni koledarski dnevi na zaposlenega (IO);2017;7
M74 Druge strokovne in tehni?ne dejavnosti;Izgubljeni koledarski dnevi na zaposlenega (IO);2018;7
M75 Veterinarstvo;Izgubljeni koledarski dnevi na zaposlenega (IO);2010;11
M75 Veterinarstvo;Izgubljeni koledarski dnevi na zaposlenega (IO);2011;12
M75 Veterinarstvo;Izgubljeni koledarski dnevi na zaposlenega (IO);2012;9
M75 Veterinarstvo;Izgubljeni koledarski dnevi na zaposlenega (IO);2013;8
M75 Veterinarstvo;Izgubljeni koledarski dnevi na zaposlenega (IO);2014;11
M75 Veterinarstvo;Izgubljeni koledarski dnevi na zaposlenega (IO);2015;7
M75 Veterinarstvo;Izgubljeni koledarski dnevi na zaposlenega (IO);2016;12
M75 Veterinarstvo;Izgubljeni koledarski dnevi na zaposlenega (IO);2017;10
M75 Veterinarstvo;Izgubljeni koledarski dnevi na zaposlenega (IO);2018;14
N77 Dajanje v najem in zakup;Izgubljeni koledarski dnevi na zaposlenega (IO);2010;8
N77 Dajanje v najem in zakup;Izgubljeni koledarski dnevi na zaposlenega (IO);2011;12
N77 Dajanje v najem in zakup;Izgubljeni koledarski dnevi na zaposlenega (IO);2012;7
N77 Dajanje v najem in zakup;Izgubljeni koledarski dnevi na zaposlenega (IO);2013;13
N77 Dajanje v najem in zakup;Izgubljeni koledarski dnevi na zaposlenega (IO);2014;9
N77 Dajanje v najem in zakup;Izgubljeni koledarski dnevi na zaposlenega (IO);2015;10
N77 Dajanje v najem in zakup;Izgubljeni koledarski dnevi na zaposlenega (IO);2016;10
N77 Dajanje v najem in zakup;Izgubljeni koledarski dnevi na zaposlenega (IO);2017;8
N77 Dajanje v najem in zakup;Izgubljeni koledarski dnevi na zaposlenega (IO);2018;15
N78 Zaposlovalne dejavnosti;Izgubljeni koledarski dnevi na zaposlenega (IO);2010;10
N78 Zaposlovalne dejavnosti;Izgubljeni koledarski dnevi na zaposlenega (IO);2011;10
N78 Zaposlovalne dejavnosti;Izgubljeni koledarski dnevi na zaposlenega (IO);2012;11
N78 Zaposlovalne dejavnosti;Izgubljeni koledarski dnevi na zaposlenega (IO);2013;10
N78 Zaposlovalne dejavnosti;Izgubljeni koledarski dnevi na zaposlenega (IO);2014;9
N78 Zaposlovalne dejavnosti;Izgubljeni koledarski dnevi na zaposlenega (IO);2015;13
N78 Zaposlovalne dejavnosti;Izgubljeni koledarski dnevi na zaposlenega (IO);2016;13
N78 Zaposlovalne dejavnosti;Izgubljeni koledarski dnevi na zaposlenega (IO);2017;16
N78 Zaposlovalne dejavnosti;Izgubljeni koledarski dnevi na zaposlenega (IO);2018;19
N79 Dejavnost potovalnih agencij, organizatorjev potovanj in s p;Izgubljeni koledarski dnevi na zaposlenega (IO);2010;10
N79 Dejavnost potovalnih agencij, organizatorjev potovanj in s p;Izgubljeni koledarski dnevi na zaposlenega (IO);2011;8
N79 Dejavnost potovalnih agencij, organizatorjev potovanj in s p;Izgubljeni koledarski dnevi na zaposlenega (IO);2012;11
N79 Dejavnost potovalnih agencij, organizatorjev potovanj in s p;Izgubljeni koledarski dnevi na zaposlenega (IO);2013;9
N79 Dejavnost potovalnih agencij, organizatorjev potovanj in s p;Izgubljeni koledarski dnevi na zaposlenega (IO);2014;8
N79 Dejavnost potovalnih agencij, organizatorjev potovanj in s p;Izgubljeni koledarski dnevi na zaposlenega (IO);2015;8
N79 Dejavnost potovalnih agencij, organizatorjev potovanj in s p;Izgubljeni koledarski dnevi na zaposlenega (IO);2016;9
N79 Dejavnost potovalnih agencij, organizatorjev potovanj in s p;Izgubljeni koledarski dnevi na zaposlenega (IO);2017;9
N79 Dejavnost potovalnih agencij, organizatorjev potovanj in s p;Izgubljeni koledarski dnevi na zaposlenega (IO);2018;8
N80 Varovanje in poizvedovalne dejavnosti;Izgubljeni koledarski dnevi na zaposlenega (IO);2010;18
N80 Varovanje in poizvedovalne dejavnosti;Izgubljeni koledarski dnevi na zaposlenega (IO);2011;15
N80 Varovanje in poizvedovalne dejavnosti;Izgubljeni koledarski dnevi na zaposlenega (IO);2012;17
N80 Varovanje in poizvedovalne dejavnosti;Izgubljeni koledarski dnevi na zaposlenega (IO);2013;17
N80 Varovanje in poizvedovalne dejavnosti;Izgubljeni koledarski dnevi na zaposlenega (IO);2014;15
N80 Varovanje in poizvedovalne dejavnosti;Izgubljeni koledarski dnevi na zaposlenega (IO);2015;18
N80 Varovanje in poizvedovalne dejavnosti;Izgubljeni koledarski dnevi na zaposlenega (IO);2016;18
N80 Varovanje in poizvedovalne dejavnosti;Izgubljeni koledarski dnevi na zaposlenega (IO);2017;17
N80 Varovanje in poizvedovalne dejavnosti;Izgubljeni koledarski dnevi na zaposlenega (IO);2018;22
N81 Dejavnost oskrbe stavb in okolice;Izgubljeni koledarski dnevi na zaposlenega (IO);2010;21
N81 Dejavnost oskrbe stavb in okolice;Izgubljeni koledarski dnevi na zaposlenega (IO);2011;21
N81 Dejavnost oskrbe stavb in okolice;Izgubljeni koledarski dnevi na zaposlenega (IO);2012;19
N81 Dejavnost oskrbe stavb in okolice;Izgubljeni koledarski dnevi na zaposlenega (IO);2013;22
N81 Dejavnost oskrbe stavb in okolice;Izgubljeni koledarski dnevi na zaposlenega (IO);2014;17
N81 Dejavnost oskrbe stavb in okolice;Izgubljeni koledarski dnevi na zaposlenega (IO);2015;19
N81 Dejavnost oskrbe stavb in okolice;Izgubljeni koledarski dnevi na zaposlenega (IO);2016;18
N81 Dejavnost oskrbe stavb in okolice;Izgubljeni koledarski dnevi na zaposlenega (IO);2017;20
N81 Dejavnost oskrbe stavb in okolice;Izgubljeni koledarski dnevi na zaposlenega (IO);2018;21
N82 Pisarniške in spremljajo?e poslovne storitvene dejavnosti;Izgubljeni koledarski dnevi na zaposlenega (IO);2010;16
N82 Pisarniške in spremljajo?e poslovne storitvene dejavnosti;Izgubljeni koledarski dnevi na zaposlenega (IO);2011;14
N82 Pisarniške in spremljajo?e poslovne storitvene dejavnosti;Izgubljeni koledarski dnevi na zaposlenega (IO);2012;18
N82 Pisarniške in spremljajo?e poslovne storitvene dejavnosti;Izgubljeni koledarski dnevi na zaposlenega (IO);2013;17
N82 Pisarniške in spremljajo?e poslovne storitvene dejavnosti;Izgubljeni koledarski dnevi na zaposlenega (IO);2014;15
N82 Pisarniške in spremljajo?e poslovne storitvene dejavnosti;Izgubljeni koledarski dnevi na zaposlenega (IO);2015;15
N82 Pisarniške in spremljajo?e poslovne storitvene dejavnosti;Izgubljeni koledarski dnevi na zaposlenega (IO);2016;15
N82 Pisarniške in spremljajo?e poslovne storitvene dejavnosti;Izgubljeni koledarski dnevi na zaposlenega (IO);2017;18
N82 Pisarniške in spremljajo?e poslovne storitvene dejavnosti;Izgubljeni koledarski dnevi na zaposlenega (IO);2018;21
O84* Dejavnost javne uprave in obrambe, dejavnost obvezne socialne varnosti*;Izgubljeni koledarski dnevi na zaposlenega (IO);2010;17
O84* Dejavnost javne uprave in obrambe, dejavnost obvezne socialne varnosti*;Izgubljeni koledarski dnevi na zaposlenega (IO);2011;15
O84* Dejavnost javne uprave in obrambe, dejavnost obvezne socialne varnosti*;Izgubljeni koledarski dnevi na zaposlenega (IO);2012;31
O84* Dejavnost javne uprave in obrambe, dejavnost obvezne socialne varnosti*;Izgubljeni koledarski dnevi na zaposlenega (IO);2013;25
O84* Dejavnost javne uprave in obrambe, dejavnost obvezne socialne varnosti*;Izgubljeni koledarski dnevi na zaposlenega (IO);2014;22
O84* Dejavnost javne uprave in obrambe, dejavnost obvezne socialne varnosti*;Izgubljeni koledarski dnevi na zaposlenega (IO);2015;23
O84* Dejavnost javne uprave in obrambe, dejavnost obvezne socialne varnosti*;Izgubljeni koledarski dnevi na zaposlenega (IO);2016;23
O84* Dejavnost javne uprave in obrambe, dejavnost obvezne socialne varnosti*;Izgubljeni koledarski dnevi na zaposlenega (IO);2017;24
O84* Dejavnost javne uprave in obrambe, dejavnost obvezne socialne varnosti*;Izgubljeni koledarski dnevi na zaposlenega (IO);2018;26
P85 Izobraževanje;Izgubljeni koledarski dnevi na zaposlenega (IO);2010;13
P85 Izobraževanje;Izgubljeni koledarski dnevi na zaposlenega (IO);2011;13
P85 Izobraževanje;Izgubljeni koledarski dnevi na zaposlenega (IO);2012;14
P85 Izobraževanje;Izgubljeni koledarski dnevi na zaposlenega (IO);2013;14
P85 Izobraževanje;Izgubljeni koledarski dnevi na zaposlenega (IO);2014;13
P85 Izobraževanje;Izgubljeni koledarski dnevi na zaposlenega (IO);2015;14
P85 Izobraževanje;Izgubljeni koledarski dnevi na zaposlenega (IO);2016;14
P85 Izobraževanje;Izgubljeni koledarski dnevi na zaposlenega (IO);2017;15
P85 Izobraževanje;Izgubljeni koledarski dnevi na zaposlenega (IO);2018;16
Q86 Zdravstvo;Izgubljeni koledarski dnevi na zaposlenega (IO);2010;17
Q86 Zdravstvo;Izgubljeni koledarski dnevi na zaposlenega (IO);2011;17
Q86 Zdravstvo;Izgubljeni koledarski dnevi na zaposlenega (IO);2012;17
Q86 Zdravstvo;Izgubljeni koledarski dnevi na zaposlenega (IO);2013;18
Q86 Zdravstvo;Izgubljeni koledarski dnevi na zaposlenega (IO);2014;17
Q86 Zdravstvo;Izgubljeni koledarski dnevi na zaposlenega (IO);2015;18
Q86 Zdravstvo;Izgubljeni koledarski dnevi na zaposlenega (IO);2016;18
Q86 Zdravstvo;Izgubljeni koledarski dnevi na zaposlenega (IO);2017;18
Q86 Zdravstvo;Izgubljeni koledarski dnevi na zaposlenega (IO);2018;20
Q87 Socialno varstvo z nastanitvijo;Izgubljeni koledarski dnevi na zaposlenega (IO);2010;21
Q87 Socialno varstvo z nastanitvijo;Izgubljeni koledarski dnevi na zaposlenega (IO);2011;22
Q87 Socialno varstvo z nastanitvijo;Izgubljeni koledarski dnevi na zaposlenega (IO);2012;23
Q87 Socialno varstvo z nastanitvijo;Izgubljeni koledarski dnevi na zaposlenega (IO);2013;24
Q87 Socialno varstvo z nastanitvijo;Izgubljeni koledarski dnevi na zaposlenega (IO);2014;22
Q87 Socialno varstvo z nastanitvijo;Izgubljeni koledarski dnevi na zaposlenega (IO);2015;24
Q87 Socialno varstvo z nastanitvijo;Izgubljeni koledarski dnevi na zaposlenega (IO);2016;24
Q87 Socialno varstvo z nastanitvijo;Izgubljeni koledarski dnevi na zaposlenega (IO);2017;26
Q87 Socialno varstvo z nastanitvijo;Izgubljeni koledarski dnevi na zaposlenega (IO);2018;30
Q88 Socialno varstvo brez nastanitve;Izgubljeni koledarski dnevi na zaposlenega (IO);2010;17
Q88 Socialno varstvo brez nastanitve;Izgubljeni koledarski dnevi na zaposlenega (IO);2011;17
Q88 Socialno varstvo brez nastanitve;Izgubljeni koledarski dnevi na zaposlenega (IO);2012;18
Q88 Socialno varstvo brez nastanitve;Izgubljeni koledarski dnevi na zaposlenega (IO);2013;19
Q88 Socialno varstvo brez nastanitve;Izgubljeni koledarski dnevi na zaposlenega (IO);2014;17
Q88 Socialno varstvo brez nastanitve;Izgubljeni koledarski dnevi na zaposlenega (IO);2015;18
Q88 Socialno varstvo brez nastanitve;Izgubljeni koledarski dnevi na zaposlenega (IO);2016;19
Q88 Socialno varstvo brez nastanitve;Izgubljeni koledarski dnevi na zaposlenega (IO);2017;20
Q88 Socialno varstvo brez nastanitve;Izgubljeni koledarski dnevi na zaposlenega (IO);2018;22
R90 Kulturne in razvedrilne dejavnosti;Izgubljeni koledarski dnevi na zaposlenega (IO);2010;8
R90 Kulturne in razvedrilne dejavnosti;Izgubljeni koledarski dnevi na zaposlenega (IO);2011;8
R90 Kulturne in razvedrilne dejavnosti;Izgubljeni koledarski dnevi na zaposlenega (IO);2012;9
R90 Kulturne in razvedrilne dejavnosti;Izgubljeni koledarski dnevi na zaposlenega (IO);2013;11
R90 Kulturne in razvedrilne dejavnosti;Izgubljeni koledarski dnevi na zaposlenega (IO);2014;9
R90 Kulturne in razvedrilne dejavnosti;Izgubljeni koledarski dnevi na zaposlenega (IO);2015;8
R90 Kulturne in razvedrilne dejavnosti;Izgubljeni koledarski dnevi na zaposlenega (IO);2016;8
R90 Kulturne in razvedrilne dejavnosti;Izgubljeni koledarski dnevi na zaposlenega (IO);2017;10
R90 Kulturne in razvedrilne dejavnosti;Izgubljeni koledarski dnevi na zaposlenega (IO);2018;10
R91 Dejavnost knjižnic, arhivov, muzejev in druge kulturne dejav.;Izgubljeni koledarski dnevi na zaposlenega (IO);2010;12
R91 Dejavnost knjižnic, arhivov, muzejev in druge kulturne dejav.;Izgubljeni koledarski dnevi na zaposlenega (IO);2011;13
R91 Dejavnost knjižnic, arhivov, muzejev in druge kulturne dejav.;Izgubljeni koledarski dnevi na zaposlenega (IO);2012;13
R91 Dejavnost knjižnic, arhivov, muzejev in druge kulturne dejav.;Izgubljeni koledarski dnevi na zaposlenega (IO);2013;15
R91 Dejavnost knjižnic, arhivov, muzejev in druge kulturne dejav.;Izgubljeni koledarski dnevi na zaposlenega (IO);2014;12
R91 Dejavnost knjižnic, arhivov, muzejev in druge kulturne dejav.;Izgubljeni koledarski dnevi na zaposlenega (IO);2015;14
R91 Dejavnost knjižnic, arhivov, muzejev in druge kulturne dejav.;Izgubljeni koledarski dnevi na zaposlenega (IO);2016;13
R91 Dejavnost knjižnic, arhivov, muzejev in druge kulturne dejav.;Izgubljeni koledarski dnevi na zaposlenega (IO);2017;17
R91 Dejavnost knjižnic, arhivov, muzejev in druge kulturne dejav.;Izgubljeni koledarski dnevi na zaposlenega (IO);2018;15
R92 Prirejanje iger na sre?o;Izgubljeni koledarski dnevi na zaposlenega (IO);2010;17
R92 Prirejanje iger na sre?o;Izgubljeni koledarski dnevi na zaposlenega (IO);2011;18
R92 Prirejanje iger na sre?o;Izgubljeni koledarski dnevi na zaposlenega (IO);2012;17
R92 Prirejanje iger na sre?o;Izgubljeni koledarski dnevi na zaposlenega (IO);2013;16
R92 Prirejanje iger na sre?o;Izgubljeni koledarski dnevi na zaposlenega (IO);2014;14
R92 Prirejanje iger na sre?o;Izgubljeni koledarski dnevi na zaposlenega (IO);2015;15
R92 Prirejanje iger na sre?o;Izgubljeni koledarski dnevi na zaposlenega (IO);2016;14
R92 Prirejanje iger na sre?o;Izgubljeni koledarski dnevi na zaposlenega (IO);2017;16
R92 Prirejanje iger na sre?o;Izgubljeni koledarski dnevi na zaposlenega (IO);2018;16
R93 Športne in druge dejavnosti za prosti ?as;Izgubljeni koledarski dnevi na zaposlenega (IO);2010;9
R93 Športne in druge dejavnosti za prosti ?as;Izgubljeni koledarski dnevi na zaposlenega (IO);2011;10
R93 Športne in druge dejavnosti za prosti ?as;Izgubljeni koledarski dnevi na zaposlenega (IO);2012;12
R93 Športne in druge dejavnosti za prosti ?as;Izgubljeni koledarski dnevi na zaposlenega (IO);2013;8
R93 Športne in druge dejavnosti za prosti ?as;Izgubljeni koledarski dnevi na zaposlenega (IO);2014;11
R93 Športne in druge dejavnosti za prosti ?as;Izgubljeni koledarski dnevi na zaposlenega (IO);2015;11
R93 Športne in druge dejavnosti za prosti ?as;Izgubljeni koledarski dnevi na zaposlenega (IO);2016;9
R93 Športne in druge dejavnosti za prosti ?as;Izgubljeni koledarski dnevi na zaposlenega (IO);2017;9
R93 Športne in druge dejavnosti za prosti ?as;Izgubljeni koledarski dnevi na zaposlenega (IO);2018;11
S94 Dejavnost ?lanskih organizacij;Izgubljeni koledarski dnevi na zaposlenega (IO);2010;8
S94 Dejavnost ?lanskih organizacij;Izgubljeni koledarski dnevi na zaposlenega (IO);2011;9
S94 Dejavnost ?lanskih organizacij;Izgubljeni koledarski dnevi na zaposlenega (IO);2012;9
S94 Dejavnost ?lanskih organizacij;Izgubljeni koledarski dnevi na zaposlenega (IO);2013;9
S94 Dejavnost ?lanskih organizacij;Izgubljeni koledarski dnevi na zaposlenega (IO);2014;9
S94 Dejavnost ?lanskih organizacij;Izgubljeni koledarski dnevi na zaposlenega (IO);2015;9
S94 Dejavnost ?lanskih organizacij;Izgubljeni koledarski dnevi na zaposlenega (IO);2016;10
S94 Dejavnost ?lanskih organizacij;Izgubljeni koledarski dnevi na zaposlenega (IO);2017;9
S94 Dejavnost ?lanskih organizacij;Izgubljeni koledarski dnevi na zaposlenega (IO);2018;10
S95 Popravila ra?unalnikov in izdelkov za široko rabo;Izgubljeni koledarski dnevi na zaposlenega (IO);2010;11
S95 Popravila ra?unalnikov in izdelkov za široko rabo;Izgubljeni koledarski dnevi na zaposlenega (IO);2011;9
S95 Popravila ra?unalnikov in izdelkov za široko rabo;Izgubljeni koledarski dnevi na zaposlenega (IO);2012;10
S95 Popravila ra?unalnikov in izdelkov za široko rabo;Izgubljeni koledarski dnevi na zaposlenega (IO);2013;9
S95 Popravila ra?unalnikov in izdelkov za široko rabo;Izgubljeni koledarski dnevi na zaposlenega (IO);2014;7
S95 Popravila ra?unalnikov in izdelkov za široko rabo;Izgubljeni koledarski dnevi na zaposlenega (IO);2015;6
S95 Popravila ra?unalnikov in izdelkov za široko rabo;Izgubljeni koledarski dnevi na zaposlenega (IO);2016;8
S95 Popravila ra?unalnikov in izdelkov za široko rabo;Izgubljeni koledarski dnevi na zaposlenega (IO);2017;10
S95 Popravila ra?unalnikov in izdelkov za široko rabo;Izgubljeni koledarski dnevi na zaposlenega (IO);2018;10
S96 Druge storitvene dejavnosti;Izgubljeni koledarski dnevi na zaposlenega (IO);2010;12
S96 Druge storitvene dejavnosti;Izgubljeni koledarski dnevi na zaposlenega (IO);2011;12
S96 Druge storitvene dejavnosti;Izgubljeni koledarski dnevi na zaposlenega (IO);2012;13
S96 Druge storitvene dejavnosti;Izgubljeni koledarski dnevi na zaposlenega (IO);2013;13
S96 Druge storitvene dejavnosti;Izgubljeni koledarski dnevi na zaposlenega (IO);2014;11
S96 Druge storitvene dejavnosti;Izgubljeni koledarski dnevi na zaposlenega (IO);2015;12
S96 Druge storitvene dejavnosti;Izgubljeni koledarski dnevi na zaposlenega (IO);2016;11
S96 Druge storitvene dejavnosti;Izgubljeni koledarski dnevi na zaposlenega (IO);2017;12
S96 Druge storitvene dejavnosti;Izgubljeni koledarski dnevi na zaposlenega (IO);2018;12
T97 Dejavnost gospodinjstev z zaposlenim hišnim osebjem;Izgubljeni koledarski dnevi na zaposlenega (IO);2010;-
T97 Dejavnost gospodinjstev z zaposlenim hišnim osebjem;Izgubljeni koledarski dnevi na zaposlenega (IO);2011;-
T97 Dejavnost gospodinjstev z zaposlenim hišnim osebjem;Izgubljeni koledarski dnevi na zaposlenega (IO);2012;-
T97 Dejavnost gospodinjstev z zaposlenim hišnim osebjem;Izgubljeni koledarski dnevi na zaposlenega (IO);2013;-
T97 Dejavnost gospodinjstev z zaposlenim hišnim osebjem;Izgubljeni koledarski dnevi na zaposlenega (IO);2014;-
T97 Dejavnost gospodinjstev z zaposlenim hišnim osebjem;Izgubljeni koledarski dnevi na zaposlenega (IO);2015;-
T97 Dejavnost gospodinjstev z zaposlenim hišnim osebjem;Izgubljeni koledarski dnevi na zaposlenega (IO);2016;-
T97 Dejavnost gospodinjstev z zaposlenim hišnim osebjem;Izgubljeni koledarski dnevi na zaposlenega (IO);2017;-
T97 Dejavnost gospodinjstev z zaposlenim hišnim osebjem;Izgubljeni koledarski dnevi na zaposlenega (IO);2018;-
T98 Raznovrstna proizvodnja gospodinjstev za lastno rabo;Izgubljeni koledarski dnevi na zaposlenega (IO);2010;-
T98 Raznovrstna proizvodnja gospodinjstev za lastno rabo;Izgubljeni koledarski dnevi na zaposlenega (IO);2011;-
T98 Raznovrstna proizvodnja gospodinjstev za lastno rabo;Izgubljeni koledarski dnevi na zaposlenega (IO);2012;-
T98 Raznovrstna proizvodnja gospodinjstev za lastno rabo;Izgubljeni koledarski dnevi na zaposlenega (IO);2013;-
T98 Raznovrstna proizvodnja gospodinjstev za lastno rabo;Izgubljeni koledarski dnevi na zaposlenega (IO);2014;-
T98 Raznovrstna proizvodnja gospodinjstev za lastno rabo;Izgubljeni koledarski dnevi na zaposlenega (IO);2015;-
T98 Raznovrstna proizvodnja gospodinjstev za lastno rabo;Izgubljeni koledarski dnevi na zaposlenega (IO);2016;-
T98 Raznovrstna proizvodnja gospodinjstev za lastno rabo;Izgubljeni koledarski dnevi na zaposlenega (IO);2017;-
T98 Raznovrstna proizvodnja gospodinjstev za lastno rabo;Izgubljeni koledarski dnevi na zaposlenega (IO);2018;-
U99 Dejavnost eksteritorialnih organizacij in teles;Izgubljeni koledarski dnevi na zaposlenega (IO);2010;-
U99 Dejavnost eksteritorialnih organizacij in teles;Izgubljeni koledarski dnevi na zaposlenega (IO);2011;-
U99 Dejavnost eksteritorialnih organizacij in teles;Izgubljeni koledarski dnevi na zaposlenega (IO);2012;-
U99 Dejavnost eksteritorialnih organizacij in teles;Izgubljeni koledarski dnevi na zaposlenega (IO);2013;-
U99 Dejavnost eksteritorialnih organizacij in teles;Izgubljeni koledarski dnevi na zaposlenega (IO);2014;-
U99 Dejavnost eksteritorialnih organizacij in teles;Izgubljeni koledarski dnevi na zaposlenega (IO);2015;-
U99 Dejavnost eksteritorialnih organizacij in teles;Izgubljeni koledarski dnevi na zaposlenega (IO);2016;-
U99 Dejavnost eksteritorialnih organizacij in teles;Izgubljeni koledarski dnevi na zaposlenega (IO);2017;-
U99 Dejavnost eksteritorialnih organizacij in teles;Izgubljeni koledarski dnevi na zaposlenega (IO);2018;-
00 Ostalo (ve?inoma zaposleni v tujini pri tujem delodajalcu);Izgubljeni koledarski dnevi na zaposlenega (IO);2010;-
1 Ostalo (ve?inoma zaposleni v tujini pri tujem delodajalcu);Izgubljeni koledarski dnevi na zaposlenega (IO);2011;-
2 Ostalo (ve?inoma zaposleni v tujini pri tujem delodajalcu);Izgubljeni koledarski dnevi na zaposlenega (IO);2012;-
3 Ostalo (ve?inoma zaposleni v tujini pri tujem delodajalcu);Izgubljeni koledarski dnevi na zaposlenega (IO);2013;-
4 Ostalo (ve?inoma zaposleni v tujini pri tujem delodajalcu);Izgubljeni koledarski dnevi na zaposlenega (IO);2014;-
5 Ostalo (ve?inoma zaposleni v tujini pri tujem delodajalcu);Izgubljeni koledarski dnevi na zaposlenega (IO);2015;3
6 Ostalo (ve?inoma zaposleni v tujini pri tujem delodajalcu);Izgubljeni koledarski dnevi na zaposlenega (IO);2016;2
7 Ostalo (ve?inoma zaposleni v tujini pri tujem delodajalcu);Izgubljeni koledarski dnevi na zaposlenega (IO);2017;-
8 Ostalo (ve?inoma zaposleni v tujini pri tujem delodajalcu);Izgubljeni koledarski dnevi na zaposlenega (IO);2018;-
;;;
"Pojasnilo (*)
- V dejavnosti O so od leta 2011 vklju?ene brezposelne osebe iz vseh dejavnosti, ki so imele pravico do denarnega nadomestila za ?as za?asne nezmožnosti za delo. Najve? primerov je bilo v letih 2010-2012. ZUJF z dne 31. 5. 2012 ukinja to pravico, razen v primerih že za?etih postopkov za uveljavljanje pravice.";;;
"Povezane vsebine:
- <A class=seznam HREF=/docs/3_3f_BS_2016.pdf target=_blank>Metodološka pojasnila</A>
";;;
;;;
Zadnja posodobitev:;;;
20190515 09:00;;;
;;;
Vir podatkov:;;;
NIJZ;;;
;;;
Kontakt:;;;
Blaženka Jeren, NIJZ;;;
+386 (01) 2441 501;;;
<a href='mailto:blazenka.jeren@nijz.si'>blazenka.jeren@nijz.si</a>;;;
;;;
Avtorske pravice;;;
;;;
Enote:;;;
Primeri;;;
;;;
;;;
;;;
;;;
;;;
;;;
;;;
;;;
Zbirka podatkov:;;;
NIJZ 3 - Evidenca za?asne odsotnosti z dela zaradi bolezni, poškodb in drugih vzrokov (BS);;;
;;;
Kratko ime:;;;
10700004;;;
