6: Kazalniki bolniškega staleža po statisti?nih regijah in spolu, Slovenija, letno po spremenljivkah: Statisti?na regija, Kazalnik, Leto in Spol;;;
;;;
;;;Spol - SKUPAJ
SLOVENIJA;Primeri;2010;729004
SLOVENIJA;Primeri;2011;734523
SLOVENIJA;Primeri;2012;723413
SLOVENIJA;Primeri;2013;755475
SLOVENIJA;Primeri;2014;739708
SLOVENIJA;Primeri;2015;859615
SLOVENIJA;Primeri;2016;839533
SLOVENIJA;Primeri;2017;920812
SLOVENIJA;Primeri;2018;990027
SLOVENIJA;Koledarski dnevi;2010;12808242
SLOVENIJA;Koledarski dnevi;2011;12539064
SLOVENIJA;Koledarski dnevi;2012;12354286
SLOVENIJA;Koledarski dnevi;2013;11880378
SLOVENIJA;Koledarski dnevi;2014;11069174
SLOVENIJA;Koledarski dnevi;2015;11909927
SLOVENIJA;Koledarski dnevi;2016;12279198
SLOVENIJA;Koledarski dnevi;2017;13322969
SLOVENIJA;Koledarski dnevi;2018;14780930
SLOVENIJA;Odstotek BS (% BS);2010;4
SLOVENIJA;Odstotek BS (% BS);2011;4
SLOVENIJA;Odstotek BS (% BS);2012;4
SLOVENIJA;Odstotek BS (% BS);2013;4
SLOVENIJA;Odstotek BS (% BS);2014;4
SLOVENIJA;Odstotek BS (% BS);2015;4
SLOVENIJA;Odstotek BS (% BS);2016;4
SLOVENIJA;Odstotek BS (% BS);2017;4
SLOVENIJA;Odstotek BS (% BS);2018;5
SLOVENIJA;Izgubljeni koledarski dnevi na zaposlenega (IO);2010;15
SLOVENIJA;Izgubljeni koledarski dnevi na zaposlenega (IO);2011;15
SLOVENIJA;Izgubljeni koledarski dnevi na zaposlenega (IO);2012;15
SLOVENIJA;Izgubljeni koledarski dnevi na zaposlenega (IO);2013;15
SLOVENIJA;Izgubljeni koledarski dnevi na zaposlenega (IO);2014;14
SLOVENIJA;Izgubljeni koledarski dnevi na zaposlenega (IO);2015;15
SLOVENIJA;Izgubljeni koledarski dnevi na zaposlenega (IO);2016;15
SLOVENIJA;Izgubljeni koledarski dnevi na zaposlenega (IO);2017;15
SLOVENIJA;Izgubljeni koledarski dnevi na zaposlenega (IO);2018;17
SLOVENIJA;Število primerov na 100 zaposlenih (IF);2010;85
SLOVENIJA;Število primerov na 100 zaposlenih (IF);2011;87
SLOVENIJA;Število primerov na 100 zaposlenih (IF);2012;90
SLOVENIJA;Število primerov na 100 zaposlenih (IF);2013;95
SLOVENIJA;Število primerov na 100 zaposlenih (IF);2014;91
SLOVENIJA;Število primerov na 100 zaposlenih (IF);2015;105
SLOVENIJA;Število primerov na 100 zaposlenih (IF);2016;99
SLOVENIJA;Število primerov na 100 zaposlenih (IF);2017;106
SLOVENIJA;Število primerov na 100 zaposlenih (IF);2018;110
SLOVENIJA;Povpre?no trajanje ene odsotnosti (R);2010;18
SLOVENIJA;Povpre?no trajanje ene odsotnosti (R);2011;17
SLOVENIJA;Povpre?no trajanje ene odsotnosti (R);2012;17
SLOVENIJA;Povpre?no trajanje ene odsotnosti (R);2013;16
SLOVENIJA;Povpre?no trajanje ene odsotnosti (R);2014;15
SLOVENIJA;Povpre?no trajanje ene odsotnosti (R);2015;14
SLOVENIJA;Povpre?no trajanje ene odsotnosti (R);2016;15
SLOVENIJA;Povpre?no trajanje ene odsotnosti (R);2017;15
SLOVENIJA;Povpre?no trajanje ene odsotnosti (R);2018;15
Pomurska;Primeri;2010;24661
Pomurska;Primeri;2011;25825
Pomurska;Primeri;2012;21453
Pomurska;Primeri;2013;22161
Pomurska;Primeri;2014;25556
Pomurska;Primeri;2015;26301
Pomurska;Primeri;2016;27779
Pomurska;Primeri;2017;29590
Pomurska;Primeri;2018;31460
Pomurska;Koledarski dnevi;2010;675573
Pomurska;Koledarski dnevi;2011;652026
Pomurska;Koledarski dnevi;2012;505660
Pomurska;Koledarski dnevi;2013;486340
Pomurska;Koledarski dnevi;2014;574862
Pomurska;Koledarski dnevi;2015;561253
Pomurska;Koledarski dnevi;2016;612768
Pomurska;Koledarski dnevi;2017;643543
Pomurska;Koledarski dnevi;2018;705920
Pomurska;Odstotek BS (% BS);2010;5
Pomurska;Odstotek BS (% BS);2011;5
Pomurska;Odstotek BS (% BS);2012;4
Pomurska;Odstotek BS (% BS);2013;4
Pomurska;Odstotek BS (% BS);2014;4
Pomurska;Odstotek BS (% BS);2015;4
Pomurska;Odstotek BS (% BS);2016;4
Pomurska;Odstotek BS (% BS);2017;5
Pomurska;Odstotek BS (% BS);2018;5
Pomurska;Izgubljeni koledarski dnevi na zaposlenega (IO);2010;17
Pomurska;Izgubljeni koledarski dnevi na zaposlenega (IO);2011;17
Pomurska;Izgubljeni koledarski dnevi na zaposlenega (IO);2012;14
Pomurska;Izgubljeni koledarski dnevi na zaposlenega (IO);2013;13
Pomurska;Izgubljeni koledarski dnevi na zaposlenega (IO);2014;16
Pomurska;Izgubljeni koledarski dnevi na zaposlenega (IO);2015;15
Pomurska;Izgubljeni koledarski dnevi na zaposlenega (IO);2016;16
Pomurska;Izgubljeni koledarski dnevi na zaposlenega (IO);2017;18
Pomurska;Izgubljeni koledarski dnevi na zaposlenega (IO);2018;19
Pomurska;Število primerov na 100 zaposlenih (IF);2010;63
Pomurska;Število primerov na 100 zaposlenih (IF);2011;66
Pomurska;Število primerov na 100 zaposlenih (IF);2012;58
Pomurska;Število primerov na 100 zaposlenih (IF);2013;61
Pomurska;Število primerov na 100 zaposlenih (IF);2014;70
Pomurska;Število primerov na 100 zaposlenih (IF);2015;70
Pomurska;Število primerov na 100 zaposlenih (IF);2016;72
Pomurska;Število primerov na 100 zaposlenih (IF);2017;83
Pomurska;Število primerov na 100 zaposlenih (IF);2018;86
Pomurska;Povpre?no trajanje ene odsotnosti (R);2010;27
Pomurska;Povpre?no trajanje ene odsotnosti (R);2011;25
Pomurska;Povpre?no trajanje ene odsotnosti (R);2012;24
Pomurska;Povpre?no trajanje ene odsotnosti (R);2013;22
Pomurska;Povpre?no trajanje ene odsotnosti (R);2014;23
Pomurska;Povpre?no trajanje ene odsotnosti (R);2015;21
Pomurska;Povpre?no trajanje ene odsotnosti (R);2016;22
Pomurska;Povpre?no trajanje ene odsotnosti (R);2017;22
Pomurska;Povpre?no trajanje ene odsotnosti (R);2018;22
Podravska;Primeri;2010;93820
Podravska;Primeri;2011;97677
Podravska;Primeri;2012;110937
Podravska;Primeri;2013;115688
Podravska;Primeri;2014;113193
Podravska;Primeri;2015;124179
Podravska;Primeri;2016;129542
Podravska;Primeri;2017;110796
Podravska;Primeri;2018;148504
Podravska;Koledarski dnevi;2010;1930763
Podravska;Koledarski dnevi;2011;1961027
Podravska;Koledarski dnevi;2012;2231363
Podravska;Koledarski dnevi;2013;2055093
Podravska;Koledarski dnevi;2014;1821756
Podravska;Koledarski dnevi;2015;1908687
Podravska;Koledarski dnevi;2016;1953102
Podravska;Koledarski dnevi;2017;1796094
Podravska;Koledarski dnevi;2018;2325762
Podravska;Odstotek BS (% BS);2010;4
Podravska;Odstotek BS (% BS);2011;4
Podravska;Odstotek BS (% BS);2012;5
Podravska;Odstotek BS (% BS);2013;5
Podravska;Odstotek BS (% BS);2014;4
Podravska;Odstotek BS (% BS);2015;4
Podravska;Odstotek BS (% BS);2016;4
Podravska;Odstotek BS (% BS);2017;4
Podravska;Odstotek BS (% BS);2018;5
Podravska;Izgubljeni koledarski dnevi na zaposlenega (IO);2010;16
Podravska;Izgubljeni koledarski dnevi na zaposlenega (IO);2011;16
Podravska;Izgubljeni koledarski dnevi na zaposlenega (IO);2012;19
Podravska;Izgubljeni koledarski dnevi na zaposlenega (IO);2013;18
Podravska;Izgubljeni koledarski dnevi na zaposlenega (IO);2014;16
Podravska;Izgubljeni koledarski dnevi na zaposlenega (IO);2015;16
Podravska;Izgubljeni koledarski dnevi na zaposlenega (IO);2016;16
Podravska;Izgubljeni koledarski dnevi na zaposlenega (IO);2017;15
Podravska;Izgubljeni koledarski dnevi na zaposlenega (IO);2018;18
Podravska;Število primerov na 100 zaposlenih (IF);2010;76
Podravska;Število primerov na 100 zaposlenih (IF);2011;80
Podravska;Število primerov na 100 zaposlenih (IF);2012;97
Podravska;Število primerov na 100 zaposlenih (IF);2013;100
Podravska;Število primerov na 100 zaposlenih (IF);2014;97
Podravska;Število primerov na 100 zaposlenih (IF);2015;103
Podravska;Število primerov na 100 zaposlenih (IF);2016;105
Podravska;Število primerov na 100 zaposlenih (IF);2017;90
Podravska;Število primerov na 100 zaposlenih (IF);2018;116
Podravska;Povpre?no trajanje ene odsotnosti (R);2010;21
Podravska;Povpre?no trajanje ene odsotnosti (R);2011;20
Podravska;Povpre?no trajanje ene odsotnosti (R);2012;20
Podravska;Povpre?no trajanje ene odsotnosti (R);2013;18
Podravska;Povpre?no trajanje ene odsotnosti (R);2014;16
Podravska;Povpre?no trajanje ene odsotnosti (R);2015;15
Podravska;Povpre?no trajanje ene odsotnosti (R);2016;15
Podravska;Povpre?no trajanje ene odsotnosti (R);2017;16
Podravska;Povpre?no trajanje ene odsotnosti (R);2018;16
Koroška;Primeri;2010;17066
Koroška;Primeri;2011;19307
Koroška;Primeri;2012;16512
Koroška;Primeri;2013;16492
Koroška;Primeri;2014;17219
Koroška;Primeri;2015;19012
Koroška;Primeri;2016;18606
Koroška;Primeri;2017;19933
Koroška;Primeri;2018;22253
Koroška;Koledarski dnevi;2010;427226
Koroška;Koledarski dnevi;2011;446545
Koroška;Koledarski dnevi;2012;354797
Koroška;Koledarski dnevi;2013;380954
Koroška;Koledarski dnevi;2014;429441
Koroška;Koledarski dnevi;2015;485031
Koroška;Koledarski dnevi;2016;496067
Koroška;Koledarski dnevi;2017;559065
Koroška;Koledarski dnevi;2018;602986
Koroška;Odstotek BS (% BS);2010;5
Koroška;Odstotek BS (% BS);2011;5
Koroška;Odstotek BS (% BS);2012;4
Koroška;Odstotek BS (% BS);2013;4
Koroška;Odstotek BS (% BS);2014;5
Koroška;Odstotek BS (% BS);2015;5
Koroška;Odstotek BS (% BS);2016;5
Koroška;Odstotek BS (% BS);2017;6
Koroška;Odstotek BS (% BS);2018;7
Koroška;Izgubljeni koledarski dnevi na zaposlenega (IO);2010;17
Koroška;Izgubljeni koledarski dnevi na zaposlenega (IO);2011;18
Koroška;Izgubljeni koledarski dnevi na zaposlenega (IO);2012;15
Koroška;Izgubljeni koledarski dnevi na zaposlenega (IO);2013;16
Koroška;Izgubljeni koledarski dnevi na zaposlenega (IO);2014;18
Koroška;Izgubljeni koledarski dnevi na zaposlenega (IO);2015;20
Koroška;Izgubljeni koledarski dnevi na zaposlenega (IO);2016;20
Koroška;Izgubljeni koledarski dnevi na zaposlenega (IO);2017;23
Koroška;Izgubljeni koledarski dnevi na zaposlenega (IO);2018;24
Koroška;Število primerov na 100 zaposlenih (IF);2010;67
Koroška;Število primerov na 100 zaposlenih (IF);2011;79
Koroška;Število primerov na 100 zaposlenih (IF);2012;68
Koroška;Število primerov na 100 zaposlenih (IF);2013;69
Koroška;Število primerov na 100 zaposlenih (IF);2014;71
Koroška;Število primerov na 100 zaposlenih (IF);2015;78
Koroška;Število primerov na 100 zaposlenih (IF);2016;74
Koroška;Število primerov na 100 zaposlenih (IF);2017;81
Koroška;Število primerov na 100 zaposlenih (IF);2018;88
Koroška;Povpre?no trajanje ene odsotnosti (R);2010;25
Koroška;Povpre?no trajanje ene odsotnosti (R);2011;23
Koroška;Povpre?no trajanje ene odsotnosti (R);2012;22
Koroška;Povpre?no trajanje ene odsotnosti (R);2013;23
Koroška;Povpre?no trajanje ene odsotnosti (R);2014;25
Koroška;Povpre?no trajanje ene odsotnosti (R);2015;26
Koroška;Povpre?no trajanje ene odsotnosti (R);2016;27
Koroška;Povpre?no trajanje ene odsotnosti (R);2017;28
Koroška;Povpre?no trajanje ene odsotnosti (R);2018;27
Savinjska;Primeri;2010;85086
Savinjska;Primeri;2011;78266
Savinjska;Primeri;2012;85464
Savinjska;Primeri;2013;85135
Savinjska;Primeri;2014;83521
Savinjska;Primeri;2015;94102
Savinjska;Primeri;2016;93588
Savinjska;Primeri;2017;89450
Savinjska;Primeri;2018;112826
Savinjska;Koledarski dnevi;2010;1842325
Savinjska;Koledarski dnevi;2011;1709266
Savinjska;Koledarski dnevi;2012;1779099
Savinjska;Koledarski dnevi;2013;1687422
Savinjska;Koledarski dnevi;2014;1526601
Savinjska;Koledarski dnevi;2015;1655012
Savinjska;Koledarski dnevi;2016;1687748
Savinjska;Koledarski dnevi;2017;1776880
Savinjska;Koledarski dnevi;2018;2014065
Savinjska;Odstotek BS (% BS);2010;5
Savinjska;Odstotek BS (% BS);2011;5
Savinjska;Odstotek BS (% BS);2012;5
Savinjska;Odstotek BS (% BS);2013;5
Savinjska;Odstotek BS (% BS);2014;4
Savinjska;Odstotek BS (% BS);2015;5
Savinjska;Odstotek BS (% BS);2016;5
Savinjska;Odstotek BS (% BS);2017;5
Savinjska;Odstotek BS (% BS);2018;5
Savinjska;Izgubljeni koledarski dnevi na zaposlenega (IO);2010;18
Savinjska;Izgubljeni koledarski dnevi na zaposlenega (IO);2011;17
Savinjska;Izgubljeni koledarski dnevi na zaposlenega (IO);2012;19
Savinjska;Izgubljeni koledarski dnevi na zaposlenega (IO);2013;18
Savinjska;Izgubljeni koledarski dnevi na zaposlenega (IO);2014;16
Savinjska;Izgubljeni koledarski dnevi na zaposlenega (IO);2015;17
Savinjska;Izgubljeni koledarski dnevi na zaposlenega (IO);2016;17
Savinjska;Izgubljeni koledarski dnevi na zaposlenega (IO);2017;17
Savinjska;Izgubljeni koledarski dnevi na zaposlenega (IO);2018;19
Savinjska;Število primerov na 100 zaposlenih (IF);2010;82
Savinjska;Število primerov na 100 zaposlenih (IF);2011;76
Savinjska;Število primerov na 100 zaposlenih (IF);2012;90
Savinjska;Število primerov na 100 zaposlenih (IF);2013;90
Savinjska;Število primerov na 100 zaposlenih (IF);2014;88
Savinjska;Število primerov na 100 zaposlenih (IF);2015;97
Savinjska;Število primerov na 100 zaposlenih (IF);2016;93
Savinjska;Število primerov na 100 zaposlenih (IF);2017;86
Savinjska;Število primerov na 100 zaposlenih (IF);2018;105
Savinjska;Povpre?no trajanje ene odsotnosti (R);2010;22
Savinjska;Povpre?no trajanje ene odsotnosti (R);2011;22
Savinjska;Povpre?no trajanje ene odsotnosti (R);2012;21
Savinjska;Povpre?no trajanje ene odsotnosti (R);2013;20
Savinjska;Povpre?no trajanje ene odsotnosti (R);2014;18
Savinjska;Povpre?no trajanje ene odsotnosti (R);2015;18
Savinjska;Povpre?no trajanje ene odsotnosti (R);2016;18
Savinjska;Povpre?no trajanje ene odsotnosti (R);2017;20
Savinjska;Povpre?no trajanje ene odsotnosti (R);2018;18
Zasavska;Primeri;2010;7530
Zasavska;Primeri;2011;7757
Zasavska;Primeri;2012;6955
Zasavska;Primeri;2013;6753
Zasavska;Primeri;2014;6707
Zasavska;Primeri;2015;11883
Zasavska;Primeri;2016;10689
Zasavska;Primeri;2017;13128
Zasavska;Primeri;2018;12201
Zasavska;Koledarski dnevi;2010;205913
Zasavska;Koledarski dnevi;2011;210864
Zasavska;Koledarski dnevi;2012;168949
Zasavska;Koledarski dnevi;2013;159637
Zasavska;Koledarski dnevi;2014;163431
Zasavska;Koledarski dnevi;2015;249540
Zasavska;Koledarski dnevi;2016;281356
Zasavska;Koledarski dnevi;2017;288809
Zasavska;Koledarski dnevi;2018;304372
Zasavska;Odstotek BS (% BS);2010;5
Zasavska;Odstotek BS (% BS);2011;5
Zasavska;Odstotek BS (% BS);2012;4
Zasavska;Odstotek BS (% BS);2013;4
Zasavska;Odstotek BS (% BS);2014;4
Zasavska;Odstotek BS (% BS);2015;5
Zasavska;Odstotek BS (% BS);2016;5
Zasavska;Odstotek BS (% BS);2017;5
Zasavska;Odstotek BS (% BS);2018;5
Zasavska;Izgubljeni koledarski dnevi na zaposlenega (IO);2010;17
Zasavska;Izgubljeni koledarski dnevi na zaposlenega (IO);2011;17
Zasavska;Izgubljeni koledarski dnevi na zaposlenega (IO);2012;15
Zasavska;Izgubljeni koledarski dnevi na zaposlenega (IO);2013;15
Zasavska;Izgubljeni koledarski dnevi na zaposlenega (IO);2014;16
Zasavska;Izgubljeni koledarski dnevi na zaposlenega (IO);2015;17
Zasavska;Izgubljeni koledarski dnevi na zaposlenega (IO);2016;19
Zasavska;Izgubljeni koledarski dnevi na zaposlenega (IO);2017;19
Zasavska;Izgubljeni koledarski dnevi na zaposlenega (IO);2018;20
Zasavska;Število primerov na 100 zaposlenih (IF);2010;60
Zasavska;Število primerov na 100 zaposlenih (IF);2011;63
Zasavska;Število primerov na 100 zaposlenih (IF);2012;64
Zasavska;Število primerov na 100 zaposlenih (IF);2013;63
Zasavska;Število primerov na 100 zaposlenih (IF);2014;63
Zasavska;Število primerov na 100 zaposlenih (IF);2015;79
Zasavska;Število primerov na 100 zaposlenih (IF);2016;71
Zasavska;Število primerov na 100 zaposlenih (IF);2017;86
Zasavska;Število primerov na 100 zaposlenih (IF);2018;78
Zasavska;Povpre?no trajanje ene odsotnosti (R);2010;27
Zasavska;Povpre?no trajanje ene odsotnosti (R);2011;27
Zasavska;Povpre?no trajanje ene odsotnosti (R);2012;24
Zasavska;Povpre?no trajanje ene odsotnosti (R);2013;24
Zasavska;Povpre?no trajanje ene odsotnosti (R);2014;24
Zasavska;Povpre?no trajanje ene odsotnosti (R);2015;21
Zasavska;Povpre?no trajanje ene odsotnosti (R);2016;26
Zasavska;Povpre?no trajanje ene odsotnosti (R);2017;22
Zasavska;Povpre?no trajanje ene odsotnosti (R);2018;25
Posavska;Primeri;2010;20399
Posavska;Primeri;2011;20248
Posavska;Primeri;2012;24682
Posavska;Primeri;2013;27345
Posavska;Primeri;2014;24626
Posavska;Primeri;2015;27537
Posavska;Primeri;2016;29672
Posavska;Primeri;2017;26865
Posavska;Primeri;2018;37149
Posavska;Koledarski dnevi;2010;348568
Posavska;Koledarski dnevi;2011;362185
Posavska;Koledarski dnevi;2012;392592
Posavska;Koledarski dnevi;2013;403466
Posavska;Koledarski dnevi;2014;358703
Posavska;Koledarski dnevi;2015;414211
Posavska;Koledarski dnevi;2016;407069
Posavska;Koledarski dnevi;2017;425005
Posavska;Koledarski dnevi;2018;523580
Posavska;Odstotek BS (% BS);2010;4
Posavska;Odstotek BS (% BS);2011;5
Posavska;Odstotek BS (% BS);2012;5
Posavska;Odstotek BS (% BS);2013;6
Posavska;Odstotek BS (% BS);2014;5
Posavska;Odstotek BS (% BS);2015;5
Posavska;Odstotek BS (% BS);2016;5
Posavska;Odstotek BS (% BS);2017;5
Posavska;Odstotek BS (% BS);2018;6
Posavska;Izgubljeni koledarski dnevi na zaposlenega (IO);2010;15
Posavska;Izgubljeni koledarski dnevi na zaposlenega (IO);2011;17
Posavska;Izgubljeni koledarski dnevi na zaposlenega (IO);2012;20
Posavska;Izgubljeni koledarski dnevi na zaposlenega (IO);2013;20
Posavska;Izgubljeni koledarski dnevi na zaposlenega (IO);2014;18
Posavska;Izgubljeni koledarski dnevi na zaposlenega (IO);2015;20
Posavska;Izgubljeni koledarski dnevi na zaposlenega (IO);2016;19
Posavska;Izgubljeni koledarski dnevi na zaposlenega (IO);2017;19
Posavska;Izgubljeni koledarski dnevi na zaposlenega (IO);2018;23
Posavska;Število primerov na 100 zaposlenih (IF);2010;90
Posavska;Število primerov na 100 zaposlenih (IF);2011;93
Posavska;Število primerov na 100 zaposlenih (IF);2012;122
Posavska;Število primerov na 100 zaposlenih (IF);2013;137
Posavska;Število primerov na 100 zaposlenih (IF);2014;123
Posavska;Število primerov na 100 zaposlenih (IF);2015;132
Posavska;Število primerov na 100 zaposlenih (IF);2016;137
Posavska;Število primerov na 100 zaposlenih (IF);2017;120
Posavska;Število primerov na 100 zaposlenih (IF);2018;160
Posavska;Povpre?no trajanje ene odsotnosti (R);2010;17
Posavska;Povpre?no trajanje ene odsotnosti (R);2011;18
Posavska;Povpre?no trajanje ene odsotnosti (R);2012;16
Posavska;Povpre?no trajanje ene odsotnosti (R);2013;15
Posavska;Povpre?no trajanje ene odsotnosti (R);2014;15
Posavska;Povpre?no trajanje ene odsotnosti (R);2015;15
Posavska;Povpre?no trajanje ene odsotnosti (R);2016;14
Posavska;Povpre?no trajanje ene odsotnosti (R);2017;16
Posavska;Povpre?no trajanje ene odsotnosti (R);2018;14
Jugovzhodna;Primeri;2010;42282
Jugovzhodna;Primeri;2011;41745
Jugovzhodna;Primeri;2012;36237
Jugovzhodna;Primeri;2013;41741
Jugovzhodna;Primeri;2014;36918
Jugovzhodna;Primeri;2015;45263
Jugovzhodna;Primeri;2016;52699
Jugovzhodna;Primeri;2017;53056
Jugovzhodna;Primeri;2018;64156
Jugovzhodna;Koledarski dnevi;2010;848743
Jugovzhodna;Koledarski dnevi;2011;825512
Jugovzhodna;Koledarski dnevi;2012;682096
Jugovzhodna;Koledarski dnevi;2013;686785
Jugovzhodna;Koledarski dnevi;2014;679828
Jugovzhodna;Koledarski dnevi;2015;745668
Jugovzhodna;Koledarski dnevi;2016;808389
Jugovzhodna;Koledarski dnevi;2017;879814
Jugovzhodna;Koledarski dnevi;2018;961308
Jugovzhodna;Odstotek BS (% BS);2010;4
Jugovzhodna;Odstotek BS (% BS);2011;5
Jugovzhodna;Odstotek BS (% BS);2012;4
Jugovzhodna;Odstotek BS (% BS);2013;4
Jugovzhodna;Odstotek BS (% BS);2014;4
Jugovzhodna;Odstotek BS (% BS);2015;4
Jugovzhodna;Odstotek BS (% BS);2016;4
Jugovzhodna;Odstotek BS (% BS);2017;4
Jugovzhodna;Odstotek BS (% BS);2018;5
Jugovzhodna;Izgubljeni koledarski dnevi na zaposlenega (IO);2010;16
Jugovzhodna;Izgubljeni koledarski dnevi na zaposlenega (IO);2011;16
Jugovzhodna;Izgubljeni koledarski dnevi na zaposlenega (IO);2012;14
Jugovzhodna;Izgubljeni koledarski dnevi na zaposlenega (IO);2013;14
Jugovzhodna;Izgubljeni koledarski dnevi na zaposlenega (IO);2014;14
Jugovzhodna;Izgubljeni koledarski dnevi na zaposlenega (IO);2015;15
Jugovzhodna;Izgubljeni koledarski dnevi na zaposlenega (IO);2016;15
Jugovzhodna;Izgubljeni koledarski dnevi na zaposlenega (IO);2017;16
Jugovzhodna;Izgubljeni koledarski dnevi na zaposlenega (IO);2018;17
Jugovzhodna;Število primerov na 100 zaposlenih (IF);2010;81
Jugovzhodna;Število primerov na 100 zaposlenih (IF);2011;83
Jugovzhodna;Število primerov na 100 zaposlenih (IF);2012;76
Jugovzhodna;Število primerov na 100 zaposlenih (IF);2013;88
Jugovzhodna;Število primerov na 100 zaposlenih (IF);2014;76
Jugovzhodna;Število primerov na 100 zaposlenih (IF);2015;90
Jugovzhodna;Število primerov na 100 zaposlenih (IF);2016;101
Jugovzhodna;Število primerov na 100 zaposlenih (IF);2017;96
Jugovzhodna;Število primerov na 100 zaposlenih (IF);2018;112
Jugovzhodna;Povpre?no trajanje ene odsotnosti (R);2010;20
Jugovzhodna;Povpre?no trajanje ene odsotnosti (R);2011;20
Jugovzhodna;Povpre?no trajanje ene odsotnosti (R);2012;19
Jugovzhodna;Povpre?no trajanje ene odsotnosti (R);2013;17
Jugovzhodna;Povpre?no trajanje ene odsotnosti (R);2014;18
Jugovzhodna;Povpre?no trajanje ene odsotnosti (R);2015;17
Jugovzhodna;Povpre?no trajanje ene odsotnosti (R);2016;15
Jugovzhodna;Povpre?no trajanje ene odsotnosti (R);2017;17
Jugovzhodna;Povpre?no trajanje ene odsotnosti (R);2018;15
Osrednjeslovenska;Primeri;2010;248067
Osrednjeslovenska;Primeri;2011;254876
Osrednjeslovenska;Primeri;2012;256628
Osrednjeslovenska;Primeri;2013;268853
Osrednjeslovenska;Primeri;2014;256968
Osrednjeslovenska;Primeri;2015;311631
Osrednjeslovenska;Primeri;2016;287001
Osrednjeslovenska;Primeri;2017;351880
Osrednjeslovenska;Primeri;2018;333802
Osrednjeslovenska;Koledarski dnevi;2010;3742341
Osrednjeslovenska;Koledarski dnevi;2011;3713151
Osrednjeslovenska;Koledarski dnevi;2012;3953597
Osrednjeslovenska;Koledarski dnevi;2013;3836351
Osrednjeslovenska;Koledarski dnevi;2014;3388441
Osrednjeslovenska;Koledarski dnevi;2015;3624838
Osrednjeslovenska;Koledarski dnevi;2016;3650192
Osrednjeslovenska;Koledarski dnevi;2017;4174066
Osrednjeslovenska;Koledarski dnevi;2018;4343768
Osrednjeslovenska;Odstotek BS (% BS);2010;4
Osrednjeslovenska;Odstotek BS (% BS);2011;4
Osrednjeslovenska;Odstotek BS (% BS);2012;4
Osrednjeslovenska;Odstotek BS (% BS);2013;4
Osrednjeslovenska;Odstotek BS (% BS);2014;3
Osrednjeslovenska;Odstotek BS (% BS);2015;4
Osrednjeslovenska;Odstotek BS (% BS);2016;3
Osrednjeslovenska;Odstotek BS (% BS);2017;4
Osrednjeslovenska;Odstotek BS (% BS);2018;4
Osrednjeslovenska;Izgubljeni koledarski dnevi na zaposlenega (IO);2010;13
Osrednjeslovenska;Izgubljeni koledarski dnevi na zaposlenega (IO);2011;13
Osrednjeslovenska;Izgubljeni koledarski dnevi na zaposlenega (IO);2012;14
Osrednjeslovenska;Izgubljeni koledarski dnevi na zaposlenega (IO);2013;14
Osrednjeslovenska;Izgubljeni koledarski dnevi na zaposlenega (IO);2014;12
Osrednjeslovenska;Izgubljeni koledarski dnevi na zaposlenega (IO);2015;13
Osrednjeslovenska;Izgubljeni koledarski dnevi na zaposlenega (IO);2016;13
Osrednjeslovenska;Izgubljeni koledarski dnevi na zaposlenega (IO);2017;14
Osrednjeslovenska;Izgubljeni koledarski dnevi na zaposlenega (IO);2018;14
Osrednjeslovenska;Število primerov na 100 zaposlenih (IF);2010;85
Osrednjeslovenska;Število primerov na 100 zaposlenih (IF);2011;87
Osrednjeslovenska;Število primerov na 100 zaposlenih (IF);2012;91
Osrednjeslovenska;Število primerov na 100 zaposlenih (IF);2013;96
Osrednjeslovenska;Število primerov na 100 zaposlenih (IF);2014;89
Osrednjeslovenska;Število primerov na 100 zaposlenih (IF);2015;111
Osrednjeslovenska;Število primerov na 100 zaposlenih (IF);2016;99
Osrednjeslovenska;Število primerov na 100 zaposlenih (IF);2017;116
Osrednjeslovenska;Število primerov na 100 zaposlenih (IF);2018;106
Osrednjeslovenska;Povpre?no trajanje ene odsotnosti (R);2010;15
Osrednjeslovenska;Povpre?no trajanje ene odsotnosti (R);2011;15
Osrednjeslovenska;Povpre?no trajanje ene odsotnosti (R);2012;15
Osrednjeslovenska;Povpre?no trajanje ene odsotnosti (R);2013;14
Osrednjeslovenska;Povpre?no trajanje ene odsotnosti (R);2014;13
Osrednjeslovenska;Povpre?no trajanje ene odsotnosti (R);2015;12
Osrednjeslovenska;Povpre?no trajanje ene odsotnosti (R);2016;13
Osrednjeslovenska;Povpre?no trajanje ene odsotnosti (R);2017;12
Osrednjeslovenska;Povpre?no trajanje ene odsotnosti (R);2018;13
Gorenjska;Primeri;2010;61757
Gorenjska;Primeri;2011;57725
Gorenjska;Primeri;2012;51840
Gorenjska;Primeri;2013;61106
Gorenjska;Primeri;2014;60948
Gorenjska;Primeri;2015;69160
Gorenjska;Primeri;2016;70446
Gorenjska;Primeri;2017;78602
Gorenjska;Primeri;2018;83550
Gorenjska;Koledarski dnevi;2010;985005
Gorenjska;Koledarski dnevi;2011;894001
Gorenjska;Koledarski dnevi;2012;772177
Gorenjska;Koledarski dnevi;2013;760932
Gorenjska;Koledarski dnevi;2014;736263
Gorenjska;Koledarski dnevi;2015;823338
Gorenjska;Koledarski dnevi;2016;904010
Gorenjska;Koledarski dnevi;2017;1092618
Gorenjska;Koledarski dnevi;2018;1221879
Gorenjska;Odstotek BS (% BS);2010;4
Gorenjska;Odstotek BS (% BS);2011;3
Gorenjska;Odstotek BS (% BS);2012;3
Gorenjska;Odstotek BS (% BS);2013;3
Gorenjska;Odstotek BS (% BS);2014;3
Gorenjska;Odstotek BS (% BS);2015;3
Gorenjska;Odstotek BS (% BS);2016;3
Gorenjska;Odstotek BS (% BS);2017;4
Gorenjska;Odstotek BS (% BS);2018;4
Gorenjska;Izgubljeni koledarski dnevi na zaposlenega (IO);2010;13
Gorenjska;Izgubljeni koledarski dnevi na zaposlenega (IO);2011;12
Gorenjska;Izgubljeni koledarski dnevi na zaposlenega (IO);2012;12
Gorenjska;Izgubljeni koledarski dnevi na zaposlenega (IO);2013;11
Gorenjska;Izgubljeni koledarski dnevi na zaposlenega (IO);2014;11
Gorenjska;Izgubljeni koledarski dnevi na zaposlenega (IO);2015;12
Gorenjska;Izgubljeni koledarski dnevi na zaposlenega (IO);2016;13
Gorenjska;Izgubljeni koledarski dnevi na zaposlenega (IO);2017;15
Gorenjska;Izgubljeni koledarski dnevi na zaposlenega (IO);2018;16
Gorenjska;Število primerov na 100 zaposlenih (IF);2010;84
Gorenjska;Število primerov na 100 zaposlenih (IF);2011;80
Gorenjska;Število primerov na 100 zaposlenih (IF);2012;77
Gorenjska;Število primerov na 100 zaposlenih (IF);2013;91
Gorenjska;Število primerov na 100 zaposlenih (IF);2014;90
Gorenjska;Število primerov na 100 zaposlenih (IF);2015;99
Gorenjska;Število primerov na 100 zaposlenih (IF);2016;98
Gorenjska;Število primerov na 100 zaposlenih (IF);2017;105
Gorenjska;Število primerov na 100 zaposlenih (IF);2018;107
Gorenjska;Povpre?no trajanje ene odsotnosti (R);2010;16
Gorenjska;Povpre?no trajanje ene odsotnosti (R);2011;16
Gorenjska;Povpre?no trajanje ene odsotnosti (R);2012;15
Gorenjska;Povpre?no trajanje ene odsotnosti (R);2013;13
Gorenjska;Povpre?no trajanje ene odsotnosti (R);2014;12
Gorenjska;Povpre?no trajanje ene odsotnosti (R);2015;12
Gorenjska;Povpre?no trajanje ene odsotnosti (R);2016;13
Gorenjska;Povpre?no trajanje ene odsotnosti (R);2017;14
Gorenjska;Povpre?no trajanje ene odsotnosti (R);2018;15
Primorsko-notranjska;Primeri;2010;22816
Primorsko-notranjska;Primeri;2011;21038
Primorsko-notranjska;Primeri;2012;17941
Primorsko-notranjska;Primeri;2013;17889
Primorsko-notranjska;Primeri;2014;18019
Primorsko-notranjska;Primeri;2015;21925
Primorsko-notranjska;Primeri;2016;18003
Primorsko-notranjska;Primeri;2017;23898
Primorsko-notranjska;Primeri;2018;22400
Primorsko-notranjska;Koledarski dnevi;2010;328190
Primorsko-notranjska;Koledarski dnevi;2011;283384
Primorsko-notranjska;Koledarski dnevi;2012;222338
Primorsko-notranjska;Koledarski dnevi;2013;227717
Primorsko-notranjska;Koledarski dnevi;2014;231026
Primorsko-notranjska;Koledarski dnevi;2015;237417
Primorsko-notranjska;Koledarski dnevi;2016;237921
Primorsko-notranjska;Koledarski dnevi;2017;287042
Primorsko-notranjska;Koledarski dnevi;2018;291384
Primorsko-notranjska;Odstotek BS (% BS);2010;5
Primorsko-notranjska;Odstotek BS (% BS);2011;5
Primorsko-notranjska;Odstotek BS (% BS);2012;4
Primorsko-notranjska;Odstotek BS (% BS);2013;4
Primorsko-notranjska;Odstotek BS (% BS);2014;4
Primorsko-notranjska;Odstotek BS (% BS);2015;4
Primorsko-notranjska;Odstotek BS (% BS);2016;4
Primorsko-notranjska;Odstotek BS (% BS);2017;5
Primorsko-notranjska;Odstotek BS (% BS);2018;5
Primorsko-notranjska;Izgubljeni koledarski dnevi na zaposlenega (IO);2010;19
Primorsko-notranjska;Izgubljeni koledarski dnevi na zaposlenega (IO);2011;18
Primorsko-notranjska;Izgubljeni koledarski dnevi na zaposlenega (IO);2012;15
Primorsko-notranjska;Izgubljeni koledarski dnevi na zaposlenega (IO);2013;15
Primorsko-notranjska;Izgubljeni koledarski dnevi na zaposlenega (IO);2014;15
Primorsko-notranjska;Izgubljeni koledarski dnevi na zaposlenega (IO);2015;15
Primorsko-notranjska;Izgubljeni koledarski dnevi na zaposlenega (IO);2016;15
Primorsko-notranjska;Izgubljeni koledarski dnevi na zaposlenega (IO);2017;18
Primorsko-notranjska;Izgubljeni koledarski dnevi na zaposlenega (IO);2018;18
Primorsko-notranjska;Število primerov na 100 zaposlenih (IF);2010;130
Primorsko-notranjska;Število primerov na 100 zaposlenih (IF);2011;137
Primorsko-notranjska;Število primerov na 100 zaposlenih (IF);2012;118
Primorsko-notranjska;Število primerov na 100 zaposlenih (IF);2013;118
Primorsko-notranjska;Število primerov na 100 zaposlenih (IF);2014;117
Primorsko-notranjska;Število primerov na 100 zaposlenih (IF);2015;138
Primorsko-notranjska;Število primerov na 100 zaposlenih (IF);2016;111
Primorsko-notranjska;Število primerov na 100 zaposlenih (IF);2017;147
Primorsko-notranjska;Število primerov na 100 zaposlenih (IF);2018;135
Primorsko-notranjska;Povpre?no trajanje ene odsotnosti (R);2010;14
Primorsko-notranjska;Povpre?no trajanje ene odsotnosti (R);2011;14
Primorsko-notranjska;Povpre?no trajanje ene odsotnosti (R);2012;12
Primorsko-notranjska;Povpre?no trajanje ene odsotnosti (R);2013;13
Primorsko-notranjska;Povpre?no trajanje ene odsotnosti (R);2014;13
Primorsko-notranjska;Povpre?no trajanje ene odsotnosti (R);2015;11
Primorsko-notranjska;Povpre?no trajanje ene odsotnosti (R);2016;13
Primorsko-notranjska;Povpre?no trajanje ene odsotnosti (R);2017;12
Primorsko-notranjska;Povpre?no trajanje ene odsotnosti (R);2018;13
Goriška;Primeri;2010;51993
Goriška;Primeri;2011;55350
Goriška;Primeri;2012;47023
Goriška;Primeri;2013;47466
Goriška;Primeri;2014;50156
Goriška;Primeri;2015;57536
Goriška;Primeri;2016;55887
Goriška;Primeri;2017;63006
Goriška;Primeri;2018;59792
Goriška;Koledarski dnevi;2010;681068
Goriška;Koledarski dnevi;2011;666548
Goriška;Koledarski dnevi;2012;595428
Goriška;Koledarski dnevi;2013;544933
Goriška;Koledarski dnevi;2014;563047
Goriška;Koledarski dnevi;2015;595222
Goriška;Koledarski dnevi;2016;639482
Goriška;Koledarski dnevi;2017;681826
Goriška;Koledarski dnevi;2018;722338
Goriška;Odstotek BS (% BS);2010;4
Goriška;Odstotek BS (% BS);2011;4
Goriška;Odstotek BS (% BS);2012;4
Goriška;Odstotek BS (% BS);2013;3
Goriška;Odstotek BS (% BS);2014;4
Goriška;Odstotek BS (% BS);2015;4
Goriška;Odstotek BS (% BS);2016;4
Goriška;Odstotek BS (% BS);2017;4
Goriška;Odstotek BS (% BS);2018;4
Goriška;Izgubljeni koledarski dnevi na zaposlenega (IO);2010;14
Goriška;Izgubljeni koledarski dnevi na zaposlenega (IO);2011;14
Goriška;Izgubljeni koledarski dnevi na zaposlenega (IO);2012;14
Goriška;Izgubljeni koledarski dnevi na zaposlenega (IO);2013;13
Goriška;Izgubljeni koledarski dnevi na zaposlenega (IO);2014;13
Goriška;Izgubljeni koledarski dnevi na zaposlenega (IO);2015;13
Goriška;Izgubljeni koledarski dnevi na zaposlenega (IO);2016;14
Goriška;Izgubljeni koledarski dnevi na zaposlenega (IO);2017;15
Goriška;Izgubljeni koledarski dnevi na zaposlenega (IO);2018;16
Goriška;Število primerov na 100 zaposlenih (IF);2010;108
Goriška;Število primerov na 100 zaposlenih (IF);2011;118
Goriška;Število primerov na 100 zaposlenih (IF);2012;108
Goriška;Število primerov na 100 zaposlenih (IF);2013;110
Goriška;Število primerov na 100 zaposlenih (IF);2014;115
Goriška;Število primerov na 100 zaposlenih (IF);2015;129
Goriška;Število primerov na 100 zaposlenih (IF);2016;121
Goriška;Število primerov na 100 zaposlenih (IF);2017;134
Goriška;Število primerov na 100 zaposlenih (IF);2018;128
Goriška;Povpre?no trajanje ene odsotnosti (R);2010;13
Goriška;Povpre?no trajanje ene odsotnosti (R);2011;12
Goriška;Povpre?no trajanje ene odsotnosti (R);2012;13
Goriška;Povpre?no trajanje ene odsotnosti (R);2013;12
Goriška;Povpre?no trajanje ene odsotnosti (R);2014;11
Goriška;Povpre?no trajanje ene odsotnosti (R);2015;10
Goriška;Povpre?no trajanje ene odsotnosti (R);2016;11
Goriška;Povpre?no trajanje ene odsotnosti (R);2017;11
Goriška;Povpre?no trajanje ene odsotnosti (R);2018;12
Obalno kraška;Primeri;2010;52384
Obalno kraška;Primeri;2011;54162
Obalno kraška;Primeri;2012;47741
Obalno kraška;Primeri;2013;44846
Obalno kraška;Primeri;2014;45877
Obalno kraška;Primeri;2015;51086
Obalno kraška;Primeri;2016;45621
Obalno kraška;Primeri;2017;60608
Obalno kraška;Primeri;2018;61934
Obalno kraška;Koledarski dnevi;2010;780505
Obalno kraška;Koledarski dnevi;2011;810372
Obalno kraška;Koledarski dnevi;2012;696190
Obalno kraška;Koledarski dnevi;2013;650748
Obalno kraška;Koledarski dnevi;2014;595775
Obalno kraška;Koledarski dnevi;2015;609710
Obalno kraška;Koledarski dnevi;2016;601094
Obalno kraška;Koledarski dnevi;2017;718207
Obalno kraška;Koledarski dnevi;2018;763568
Obalno kraška;Odstotek BS (% BS);2010;5
Obalno kraška;Odstotek BS (% BS);2011;5
Obalno kraška;Odstotek BS (% BS);2012;5
Obalno kraška;Odstotek BS (% BS);2013;4
Obalno kraška;Odstotek BS (% BS);2014;4
Obalno kraška;Odstotek BS (% BS);2015;4
Obalno kraška;Odstotek BS (% BS);2016;4
Obalno kraška;Odstotek BS (% BS);2017;4
Obalno kraška;Odstotek BS (% BS);2018;4
Obalno kraška;Izgubljeni koledarski dnevi na zaposlenega (IO);2010;16
Obalno kraška;Izgubljeni koledarski dnevi na zaposlenega (IO);2011;17
Obalno kraška;Izgubljeni koledarski dnevi na zaposlenega (IO);2012;16
Obalno kraška;Izgubljeni koledarski dnevi na zaposlenega (IO);2013;15
Obalno kraška;Izgubljeni koledarski dnevi na zaposlenega (IO);2014;14
Obalno kraška;Izgubljeni koledarski dnevi na zaposlenega (IO);2015;13
Obalno kraška;Izgubljeni koledarski dnevi na zaposlenega (IO);2016;13
Obalno kraška;Izgubljeni koledarski dnevi na zaposlenega (IO);2017;15
Obalno kraška;Izgubljeni koledarski dnevi na zaposlenega (IO);2018;16
Obalno kraška;Število primerov na 100 zaposlenih (IF);2010;109
Obalno kraška;Število primerov na 100 zaposlenih (IF);2011;115
Obalno kraška;Število primerov na 100 zaposlenih (IF);2012;112
Obalno kraška;Število primerov na 100 zaposlenih (IF);2013;106
Obalno kraška;Število primerov na 100 zaposlenih (IF);2014;108
Obalno kraška;Število primerov na 100 zaposlenih (IF);2015;113
Obalno kraška;Število primerov na 100 zaposlenih (IF);2016;98
Obalno kraška;Število primerov na 100 zaposlenih (IF);2017;128
Obalno kraška;Število primerov na 100 zaposlenih (IF);2018;128
Obalno kraška;Povpre?no trajanje ene odsotnosti (R);2010;15
Obalno kraška;Povpre?no trajanje ene odsotnosti (R);2011;15
Obalno kraška;Povpre?no trajanje ene odsotnosti (R);2012;15
Obalno kraška;Povpre?no trajanje ene odsotnosti (R);2013;15
Obalno kraška;Povpre?no trajanje ene odsotnosti (R);2014;13
Obalno kraška;Povpre?no trajanje ene odsotnosti (R);2015;12
Obalno kraška;Povpre?no trajanje ene odsotnosti (R);2016;13
Obalno kraška;Povpre?no trajanje ene odsotnosti (R);2017;12
Obalno kraška;Povpre?no trajanje ene odsotnosti (R);2018;12
Neznano;Primeri;2010;1143
Neznano;Primeri;2011;547
Neznano;Primeri;2012;-
Neznano;Primeri;2013;-
Neznano;Primeri;2014;-
Neznano;Primeri;2015;-
Neznano;Primeri;2016;-
Neznano;Primeri;2017;-
Neznano;Primeri;2018;-
Neznano;Koledarski dnevi;2010;12022
Neznano;Koledarski dnevi;2011;4183
Neznano;Koledarski dnevi;2012;-
Neznano;Koledarski dnevi;2013;-
Neznano;Koledarski dnevi;2014;-
Neznano;Koledarski dnevi;2015;-
Neznano;Koledarski dnevi;2016;-
Neznano;Koledarski dnevi;2017;-
Neznano;Koledarski dnevi;2018;-
Neznano;Odstotek BS (% BS);2010;-
Neznano;Odstotek BS (% BS);2011;-
Neznano;Odstotek BS (% BS);2012;-
Neznano;Odstotek BS (% BS);2013;-
Neznano;Odstotek BS (% BS);2014;-
Neznano;Odstotek BS (% BS);2015;-
Neznano;Odstotek BS (% BS);2016;-
Neznano;Odstotek BS (% BS);2017;-
Neznano;Odstotek BS (% BS);2018;-
Neznano;Izgubljeni koledarski dnevi na zaposlenega (IO);2010;-
Neznano;Izgubljeni koledarski dnevi na zaposlenega (IO);2011;-
Neznano;Izgubljeni koledarski dnevi na zaposlenega (IO);2012;-
Neznano;Izgubljeni koledarski dnevi na zaposlenega (IO);2013;-
Neznano;Izgubljeni koledarski dnevi na zaposlenega (IO);2014;-
Neznano;Izgubljeni koledarski dnevi na zaposlenega (IO);2015;-
Neznano;Izgubljeni koledarski dnevi na zaposlenega (IO);2016;-
Neznano;Izgubljeni koledarski dnevi na zaposlenega (IO);2017;-
Neznano;Izgubljeni koledarski dnevi na zaposlenega (IO);2018;-
Neznano;Število primerov na 100 zaposlenih (IF);2010;-
Neznano;Število primerov na 100 zaposlenih (IF);2011;-
Neznano;Število primerov na 100 zaposlenih (IF);2012;-
Neznano;Število primerov na 100 zaposlenih (IF);2013;-
Neznano;Število primerov na 100 zaposlenih (IF);2014;-
Neznano;Število primerov na 100 zaposlenih (IF);2015;-
Neznano;Število primerov na 100 zaposlenih (IF);2016;-
Neznano;Število primerov na 100 zaposlenih (IF);2017;-
Neznano;Število primerov na 100 zaposlenih (IF);2018;-
Neznano;Povpre?no trajanje ene odsotnosti (R);2010;-
Neznano;Povpre?no trajanje ene odsotnosti (R);2011;-
Neznano;Povpre?no trajanje ene odsotnosti (R);2012;-
Neznano;Povpre?no trajanje ene odsotnosti (R);2013;-
Neznano;Povpre?no trajanje ene odsotnosti (R);2014;-
Neznano;Povpre?no trajanje ene odsotnosti (R);2015;-
Neznano;Povpre?no trajanje ene odsotnosti (R);2016;-
Neznano;Povpre?no trajanje ene odsotnosti (R);2017;-
Neznano;Povpre?no trajanje ene odsotnosti (R);2018;-
;;;
"Opomba:
Sprememba uredbe NUTS – s 01.01.2015 uvedene teritorialne spremembe statisti?nih regij:
- Sprememba imen (notranjsko-kraška v primorsko-notranjsko, spodnjeposavska v posavsko)
- Sprememba mej (ob?ini Rade?e in Bistrica ob Sotli preideta iz savinjske v posavsko st.reg., ob?ina Litija preide iz osrednjeslovenske v zasavsko st. reg.)";;;
"Povezane vsebine:
- <A class=seznam HREF=/docs/3_3f_BS_2016.pdf target=_blank>Metodološka pojasnila</A>
";;;
;;;
Zadnja posodobitev:;;;
20190515 09:00;;;
;;;
Vir podatkov:;;;
NIJZ;;;
;;;
Kontakt:;;;
Blaženka Jeren, NIJZ;;;
+386 (01) 2441 501;;;
<a href='mailto:blazenka.jeren@nijz.si'>blazenka.jeren@nijz.si</a>;;;
;;;
Avtorske pravice;;;
;;;
Enote:;;;
Primeri;;;
;;;
;;;
;;;
;;;
;;;
;;;
;;;
;;;
Zbirka podatkov:;;;
NIJZ 3 - Evidenca za?asne odsotnosti z dela zaradi bolezni, poškodb in drugih vzrokov (BS);;;
;;;
Kratko ime:;;;
10700006;;;
